juniors,inactives,floor,fed,K,raw_pval,pval,adj_pval
FALSE,FALSE,1000,ARG,1,0.22421757706451484,0.4484351541290297,0.5575139754036585
FALSE,FALSE,1000,ARG,10,0.880925879424879,0.23814824115024202,0.40816918637213057
FALSE,FALSE,1000,AUT,1,0.0998014992072086,0.1996029984144172,0.35267398956673995
FALSE,FALSE,1000,AUT,10,0.1118219705015071,0.2236439410030142,0.40816918637213057
FALSE,FALSE,1000,BAN,1,0.10387478372532499,0.20774956745064999,0.35267398956673995
FALSE,FALSE,1000,BAN,10,7.520353229669707e-4,0.0015040706459339415,0.008648406214120163
FALSE,FALSE,1000,BEL,1,0.21290308003696456,0.42580616007392913,0.5575139754036585
FALSE,FALSE,1000,BEL,10,0.010225156048424777,0.020450312096849554,0.06719388260393425
FALSE,FALSE,1000,BRA,1,0.017920731207005436,0.03584146241401087,0.10991381806963335
FALSE,FALSE,1000,BRA,10,3.1867057063039717e-5,6.373411412607943e-5,9.772564165998847e-4
FALSE,FALSE,1000,BUL,1,0.38074913950350175,0.7614982790070035,0.8543639227883455
FALSE,FALSE,1000,BUL,10,0.44940260361152895,0.8988052072230579,0.9045373922260265
FALSE,FALSE,1000,CHI,1,0.0018475706354978971,0.0036951412709957943,0.030769674032723682
FALSE,FALSE,1000,CHI,10,0.10853809127180314,0.21707618254360628,0.40816918637213057
FALSE,FALSE,1000,CHN,1,0.05343072385049952,0.10686144770099903,0.25284909115036053
FALSE,FALSE,1000,CHN,10,0.0015215902969458739,0.0030431805938917478,0.015554034146557821
FALSE,FALSE,1000,COL,1,0.005047096981951937,0.010094193963903875,0.04221208384905256
FALSE,FALSE,1000,COL,10,0.06487088683869024,0.1297417736773805,0.2841962661504525
FALSE,FALSE,1000,CRO,1,0.008463080969074666,0.01692616193814933,0.06488362076290577
FALSE,FALSE,1000,CRO,10,0.14757809946463218,0.29515619892926437,0.4525728383582054
FALSE,FALSE,1000,CUB,1,0.0029407806496347666,0.005881561299269533,0.03865025996662836
FALSE,FALSE,1000,CUB,10,0.0019913668506627014,0.003982733701325403,0.018320575026096853
FALSE,FALSE,1000,CZE,1,0.010452578727870976,0.02090515745574195,0.07397209561262537
FALSE,FALSE,1000,CZE,10,0.3164659572461982,0.6329319144923964,0.7195298786525015
FALSE,FALSE,1000,DEN,1,0.11856590208427831,0.23713180416855661,0.35267398956673995
FALSE,FALSE,1000,DEN,10,0.7940118698457868,0.4119762603084265,0.574269938611746
FALSE,FALSE,1000,EGY,1,0.11602227109844598,0.23204454219689197,0.35267398956673995
FALSE,FALSE,1000,EGY,10,0.0033446713598468403,0.0066893427196936806,0.027973615009628118
FALSE,FALSE,1000,ENG,1,0.2864165743331548,0.5728331486663096,0.6587581209662561
FALSE,FALSE,1000,ENG,10,0.12606156761358966,0.25212313522717933,0.4142022935875089
FALSE,FALSE,1000,ESP,1,0.11459840652909647,0.22919681305819295,0.35267398956673995
FALSE,FALSE,1000,ESP,10,0.015281753340558701,0.030563506681117403,0.08270125337243533
FALSE,FALSE,1000,FRA,1,0.05496719372833925,0.1099343874566785,0.25284909115036053
FALSE,FALSE,1000,FRA,10,0.006171361477792736,0.012342722955585472,0.04731377132974431
FALSE,FALSE,1000,GEO,1,0.040618814350130816,0.08123762870026163,0.2198194658948256
FALSE,FALSE,1000,GEO,10,0.3034956337947545,0.606991267589509,0.7159384181824979
FALSE,FALSE,1000,GER,1,0.04932041668734355,0.0986408333746871,0.25208212973531147
FALSE,FALSE,1000,GER,10,1.4448805338485027e-4,2.8897610676970054e-4,0.003323225227851556
FALSE,FALSE,1000,GRE,1,0.0020067178716993705,0.004013435743398741,0.030769674032723682
FALSE,FALSE,1000,GRE,10,5.605902997644074e-4,0.0011211805995288149,0.007367758225475069
FALSE,FALSE,1000,HUN,1,0.11883580083227108,0.23767160166454215,0.35267398956673995
FALSE,FALSE,1000,HUN,10,0.43821299069563713,0.8764259813912743,0.9045373922260265
FALSE,FALSE,1000,IND,1,0.5524373308017,0.8951253383966,0.9358128537782636
FALSE,FALSE,1000,IND,10,0.9856719889208427,0.02865602215831453,0.08238606370515428
FALSE,FALSE,1000,IRI,1,0.7811393408908401,0.4377213182183197,0.5575139754036585
FALSE,FALSE,1000,IRI,10,0.17261451862654842,0.34522903725309684,0.49626674105132673
FALSE,FALSE,1000,ISR,1,0.09469998640517474,0.18939997281034948,0.35267398956673995
FALSE,FALSE,1000,ISR,10,0.32969435274915915,0.6593887054983183,0.7221876298314915
FALSE,FALSE,1000,ITA,1,0.47959772204853524,0.9591954440970705,0.9805108984103387
FALSE,FALSE,1000,ITA,10,0.09740638045543903,0.19481276091087807,0.38962552182175614
FALSE,FALSE,1000,KAZ,1,0.5974103778815285,0.805179244236943,0.8818629817833186
FALSE,FALSE,1000,KAZ,10,0.5477313038869868,0.9045373922260265,0.9045373922260265
FALSE,FALSE,1000,KOR,1,0.15345635648951506,0.3069127129790301,0.42781772112228444
FALSE,FALSE,1000,KOR,10,3.7938252539504447e-10,7.587650507900889e-10,3.490319233634409e-8
FALSE,FALSE,1000,LAT,1,0.016082928889445958,0.032165857778891915,0.10568781841635914
FALSE,FALSE,1000,LAT,10,0.2535784066461584,0.5071568132923168,0.6665489546127592
FALSE,FALSE,1000,LTU,1,1,0,0
FALSE,FALSE,1000,LTU,10,0.25166163913937045,0.5033232782787409,0.6665489546127592
FALSE,FALSE,1000,MEX,1,0.00377927850375559,0.00755855700751118,0.039624241602443884
FALSE,FALSE,1000,MEX,10,1.8447631596774094e-4,3.689526319354819e-4,0.003394364213806433
FALSE,FALSE,1000,NED,1,0.10624720307120472,0.21249440614240944,0.35267398956673995
FALSE,FALSE,1000,NED,10,0.7171234549971242,0.5657530900057517,0.6848590036911731
FALSE,FALSE,1000,NOR,1,0.08946920273745684,0.1789384054749137,0.35267398956673995
FALSE,FALSE,1000,NOR,10,0.7199772472509991,0.5600455054980018,0.6848590036911731
FALSE,FALSE,1000,PHI,1,6.590043774606924e-4,0.0013180087549213848,0.020209467575461236
FALSE,FALSE,1000,PHI,10,0.02640233379029422,0.05280466758058844,0.1349452615948371
FALSE,FALSE,1000,POL,1,0.004288657465727597,0.008577314931455193,0.039624241602443884
FALSE,FALSE,1000,POL,10,0.031186893947015903,0.06237378789403181,0.1510102233223928
FALSE,FALSE,1000,ROU,1,0.2646165467243814,0.5292330934487628,0.6406505868063971
FALSE,FALSE,1000,ROU,10,0.8802112170429617,0.23957756591407664,0.40816918637213057
FALSE,FALSE,1000,RUS,1,0.00119764453771265,0.0023952890754253,0.027545824367390948
FALSE,FALSE,1000,RUS,10,3.380563304151707e-4,6.761126608303414e-4,0.0051835303996992845
FALSE,FALSE,1000,SLO,1,0.11112502654528833,0.22225005309057666,0.35267398956673995
FALSE,FALSE,1000,SLO,10,0.6793399453831244,0.6413201092337513,0.7195298786525015
FALSE,FALSE,1000,SRB,1,0.03614739022182356,0.07229478044364712,0.20784749377548548
FALSE,FALSE,1000,SRB,10,0.09689982587051216,0.19379965174102431,0.38962552182175614
FALSE,FALSE,1000,SRI,1,9.665141471604244e-6,1.9330282943208488e-5,4.445965076937952e-4
FALSE,FALSE,1000,SRI,10,9.926616195810034e-6,1.9853232391620068e-5,4.5662434500726157e-4
FALSE,FALSE,1000,SUI,1,0.13852524506843522,0.27705049013687044,0.39826007957175125
FALSE,FALSE,1000,SUI,10,0.16413727370046338,0.32827454740092676,0.4871170703368591
FALSE,FALSE,1000,SVK,1,0.41277207200334254,0.8255441440066851,0.8831402470769188
FALSE,FALSE,1000,SVK,10,0.9925557643412505,0.014888471317499041,0.05268228312345814
FALSE,FALSE,1000,SWE,1,0.715364255748714,0.569271488502572,0.6587581209662561
FALSE,FALSE,1000,SWE,10,0.36630899762076474,0.7326179952415295,0.7837308786304733
FALSE,FALSE,1000,TUR,1,0.5033868057610452,0.9932263884779096,0.9932263884779096
FALSE,FALSE,1000,TUR,10,0.1399211365922698,0.2798422731845396,0.4438877436720283
FALSE,FALSE,1000,UKR,1,0.06803945074050721,0.13607890148101442,0.29807759372031734
FALSE,FALSE,1000,UKR,10,0.012303488256478201,0.024606976512956402,0.07546139463973298
FALSE,FALSE,1000,USA,1,0.20035038648005277,0.40070077296010553,0.5421245751813193
FALSE,FALSE,1000,USA,10,0.7324899075374569,0.5350201849250862,0.6836369029598323
FALSE,FALSE,1000,VIE,1,0.004306982782874336,0.008613965565748671,0.039624241602443884
FALSE,FALSE,1000,VIE,10,0.05698160630195581,0.11396321260391162,0.2621153889889967
FALSE,FALSE,1400,ARG,1,0.2444968047709446,0.4889936095418892,0.6270761280634904
FALSE,FALSE,1400,ARG,10,0.9185433300166739,0.16291333996665225,0.39142936953490803
FALSE,FALSE,1400,AUT,1,0.12190791378787857,0.24381582757575715,0.4240275262187081
FALSE,FALSE,1400,AUT,10,0.1893044165311738,0.3786088330623476,0.5878026464320781
FALSE,FALSE,1400,BEL,1,0.29202113611593106,0.5840422722318621,0.7079300269477117
FALSE,FALSE,1400,BEL,10,0.07984798472711219,0.15969596945422437,0.39142936953490803
FALSE,FALSE,1400,BRA,1,0.029085735288589598,0.058171470577179196,0.1551239215391445
FALSE,FALSE,1400,BRA,10,3.0304360199118197e-4,6.060872039823639e-4,0.011517854669598204
FALSE,FALSE,1400,BUL,1,0.35278673831810425,0.7055734766362085,0.8063696875842382
FALSE,FALSE,1400,BUL,10,0.33602693196166267,0.6720538639233253,0.7701960732672417
FALSE,FALSE,1400,CHN,1,0.05461360644680591,0.10922721289361181,0.2570052068084984
FALSE,FALSE,1400,CHN,10,0.0016776727482710196,0.0033553454965420393,0.021653348602439504
FALSE,FALSE,1400,COL,1,0.007484751332744288,0.014969502665488577,0.059878010661954306
FALSE,FALSE,1400,COL,10,0.11163679962983686,0.22327359925967372,0.4961635539103861
FALSE,FALSE,1400,CRO,1,0.012212076702929564,0.024424153405859128,0.08448378200187254
FALSE,FALSE,1400,CRO,10,0.2266885669682136,0.4533771339364272,0.6253477709467962
FALSE,FALSE,1400,CUB,1,0.002902385744614766,0.005804771489229532,0.04643817191383626
FALSE,FALSE,1400,CUB,10,0.0019224680400623528,0.0038449360801247057,0.021653348602439504
FALSE,FALSE,1400,CZE,1,0.014114803415438915,0.02822960683087783,0.08686032871039333
FALSE,FALSE,1400,CZE,10,0.40221712815954647,0.8044342563190929,0.8467729013885188
FALSE,FALSE,1400,ENG,1,0.31757824996821926,0.6351564999364385,0.7472429411016924
FALSE,FALSE,1400,ENG,10,0.2045343096196791,0.4090686192393582,0.5878026464320781
FALSE,FALSE,1400,ESP,1,0.2062783137610873,0.4125566275221746,0.5893666107459637
FALSE,FALSE,1400,ESP,10,0.16159982437864373,0.32319964875728746,0.5719137742300359
FALSE,FALSE,1400,FRA,1,0.1149981041747079,0.2299962083494158,0.4181749242716651
FALSE,FALSE,1400,FRA,10,0.08317874102616796,0.16635748205233591,0.39142936953490803
FALSE,FALSE,1400,GEO,1,0.026621735791698797,0.053243471583397595,0.15212420452399314
FALSE,FALSE,1400,GEO,10,0.1644252100911353,0.3288504201822706,0.5719137742300359
FALSE,FALSE,1400,GER,1,0.06084475012472612,0.12168950024945224,0.27042111166544947
FALSE,FALSE,1400,GER,10,4.6904833072891616e-4,9.380966614578323e-4,0.011517854669598204
FALSE,FALSE,1400,GRE,1,0.006041960568292537,0.012083921136585074,0.05444556052357225
FALSE,FALSE,1400,GRE,10,0.00697127959092203,0.01394255918184406,0.06196692969708472
FALSE,FALSE,1400,HUN,1,0.1276181567645973,0.2552363135291946,0.4253938558819911
FALSE,FALSE,1400,HUN,10,0.48317349018861666,0.9663469803772333,0.9663469803772333
FALSE,FALSE,1400,IND,1,0.49326495773154777,0.9865299154630955,0.9865299154630955
FALSE,FALSE,1400,IND,10,0.9625468177217965,0.07490636455640698,0.27238678020511625
FALSE,FALSE,1400,IRI,1,0.8522069299644801,0.2955861400710398,0.4547479078015997
FALSE,FALSE,1400,IRI,10,0.6925256165238747,0.6149487669522506,0.7686859586903133
FALSE,FALSE,1400,ISR,1,0.09916647213918972,0.19833294427837944,0.3966658885567589
FALSE,FALSE,1400,ISR,10,0.35732208865777515,0.7146441773155503,0.7940490859061671
FALSE,FALSE,1400,ITA,1,0.575666816752951,0.8486663664940981,0.9162368751122015
FALSE,FALSE,1400,ITA,10,0.3907884236016179,0.7815768472032358,0.84494794292241715
FALSE,FALSE,1400,KAZ,1,0.6368713979186997,0.7262572041626005,0.8069524490695562
FALSE,FALSE,1400,KAZ,10,0.7180152845991274,0.5639694308017451,0.7395745476275241
FALSE,FALSE,1400,LAT,1,0.01267256730028088,0.02534513460056176,0.08448378200187254
FALSE,FALSE,1400,LAT,10,0.18981679647987149,0.37963359295974297,0.5878026464320781
FALSE,FALSE,1400,LTU,1,1,0,0
FALSE,FALSE,1400,LTU,10,0.1942722409723402,0.3885444819446804,0.5878026464320781
FALSE,FALSE,1400,MEX,1,0.005520777439366409,0.011041554878732818,0.05444556052357225
FALSE,FALSE,1400,MEX,10,5.758927334799102e-4,0.0011517854669598204,0.011517854669598204
FALSE,FALSE,1400,NED,1,0.14027910245288544,0.2805582049057709,0.4488931278492334
FALSE,FALSE,1400,NED,10,0.836338391802752,0.3273232163944959,0.5719137742300359
FALSE,FALSE,1400,PHI,1,0.0013241551899259019,0.0026483103798518037,0.03531080506469072
FALSE,FALSE,1400,PHI,10,0.06635708060618162,0.13271416121236324,0.37918331774960923
FALSE,FALSE,1400,POL,1,0.006125125558901878,0.012250251117803757,0.05444556052357225
FALSE,FALSE,1400,POL,10,0.0536227638718374,0.1072455277436748,0.357485092478916
FALSE,FALSE,1400,ROU,1,0.25083045122539616,0.5016609024507923,0.6270761280634904
FALSE,FALSE,1400,ROU,10,0.8589245427184046,0.28215091456319086,0.5643018291263817
FALSE,FALSE,1400,RUS,1,0.0024647337931493762,0.0049294675862987525,0.04643817191383626
FALSE,FALSE,1400,RUS,10,0.0017758316461015111,0.0035516632922030222,0.021653348602439504
FALSE,FALSE,1400,SLO,1,0.10749475814097154,0.21498951628194307,0.4095038405370344
FALSE,FALSE,1400,SLO,10,0.6630392179455817,0.6739215641088365,0.7701960732672417
FALSE,FALSE,1400,SRB,1,0.04170783784880594,0.08341567569761188,0.2085391892440297
FALSE,FALSE,1400,SRB,10,0.12795058278379134,0.2559011655675827,0.538739295931753
FALSE,FALSE,1400,SRI,1,3.552428254738338e-5,7.104856509476676e-5,0.0014209713018953352
FALSE,FALSE,1400,SRI,10,4.5449105396944134e-5,9.089821079388827e-5,0.0036359284317555307
FALSE,FALSE,1400,SUI,1,0.20166664241227528,0.40333328482455055,0.5893666107459637
FALSE,FALSE,1400,SUI,10,0.43287127884646737,0.8657425576929347,0.8879410848132663
FALSE,FALSE,1400,SVK,1,0.4707295119527959,0.9414590239055918,0.96559899887753
FALSE,FALSE,1400,SVK,10,0.997834665139756,0.004330669720487901,0.021653348602439504
FALSE,FALSE,1400,SWE,1,0.7727133638358881,0.45457327232822387,0.6060976964376318
FALSE,FALSE,1400,SWE,10,0.7134148627943344,0.5731702744113312,0.7395745476275241
FALSE,FALSE,1400,TUR,1,0.5647874843217042,0.8704250313565915,0.9162368751122015
FALSE,FALSE,1400,TUR,10,0.3258004861195347,0.6516009722390694,0.7701960732672417
FALSE,FALSE,1400,UKR,1,0.07638615622763056,0.15277231245526113,0.32162592095844444
FALSE,FALSE,1400,UKR,10,0.019079254859587058,0.038158509719174116,0.15263403887669647
FALSE,FALSE,1400,USA,1,0.21962586242534388,0.43925172485068775,0.6058644480699141
FALSE,FALSE,1400,USA,10,0.7942690737487726,0.4114618525024547,0.5878026464320781
FALSE,FALSE,1400,VIE,1,0.004476014314254262,0.008952028628508524,0.05444556052357225
FALSE,FALSE,1400,VIE,10,0.05884705681477953,0.11769411362955906,0.3621357342447971
FALSE,FALSE,1600,ARG,1,0.17540473217853925,0.3508094643570785,0.5234301061170523
FALSE,FALSE,1600,ARG,10,0.7765197807106451,0.4469604385787098,0.6898462550751983
FALSE,FALSE,1600,AUT,1,0.14658677913697382,0.29317355827394764,0.48862259712324607
FALSE,FALSE,1600,AUT,10,0.29107999878961244,0.5821599975792249,0.7115449708228755
FALSE,FALSE,1600,BRA,1,0.04844700116672407,0.09689400233344814,0.2227616893856908
FALSE,FALSE,1600,BRA,10,0.002476816537222759,0.004953633074445518,0.031393656953175864
FALSE,FALSE,1600,CHN,1,0.051977727523327855,0.10395545504665571,0.2227616893856908
FALSE,FALSE,1600,CHN,10,0.0011161125182513887,0.0022322250365027774,0.031393656953175864
FALSE,FALSE,1600,COL,1,0.007801954750117357,0.015603909500234714,0.07628767267239656
FALSE,FALSE,1600,COL,10,0.11759944786702659,0.23519889573405317,0.47039779146810634
FALSE,FALSE,1600,CRO,1,0.014009572178801055,0.02801914435760211,0.0933971478586737
FALSE,FALSE,1600,CRO,10,0.26444106444549265,0.5288821288909853,0.6898462550751983
FALSE,FALSE,1600,CUB,1,0.002976586553697813,0.005953173107395626,0.07552726013409672
FALSE,FALSE,1600,CUB,10,0.0020117512338237997,0.0040235024676475994,0.031393656953175864
FALSE,FALSE,1600,CZE,1,0.017630835452916438,0.035261670905832876,0.0961681933795442
FALSE,FALSE,1600,CZE,10,0.47429781630706913,0.9485956326141383,0.9485956326141383
FALSE,FALSE,1600,ENG,1,0.37208564198206484,0.7441712839641297,0.8405617088520763
FALSE,FALSE,1600,ENG,10,0.38900054947491436,0.7780010989498287,0.8976935757113408
FALSE,FALSE,1600,ESP,1,0.21537340107975111,0.43074680215950223,0.5618436549906551
FALSE,FALSE,1600,ESP,10,0.18472318252780173,0.36944636505560347,0.6157439417593391
FALSE,FALSE,1600,FRA,1,0.16934052819409218,0.33868105638818435,0.5234301061170523
FALSE,FALSE,1600,FRA,10,0.24416002422340422,0.48832004844680843,0.6898462550751983
FALSE,FALSE,1600,GEO,1,0.015814205822503702,0.031628411645007404,0.09488523493502221
FALSE,FALSE,1600,GEO,10,0.06342771748074127,0.12685543496148255,0.3171385874037064
FALSE,FALSE,1600,GER,1,0.08644436807620537,0.17288873615241074,0.32416638028577016
FALSE,FALSE,1600,GER,10,0.003010505624565285,0.00602101124913057,0.031393656953175864
FALSE,FALSE,1600,GRE,1,0.010171689689652874,0.020343379379305748,0.07628767267239656
FALSE,FALSE,1600,GRE,10,0.020002236625733416,0.04000447325146683,0.13970199928675062
FALSE,FALSE,1600,HUN,1,0.13638216429690753,0.27276432859381505,0.48134881516555594
FALSE,FALSE,1600,HUN,10,0.5277149972465948,0.9445700055068105,0.9485956326141383
FALSE,FALSE,1600,IND,1,0.35487422843852756,0.7097484568770551,0.8405617088520763
FALSE,FALSE,1600,IND,10,0.7648411309259198,0.47031773814816047,0.6898462550751983
FALSE,FALSE,1600,ITA,1,0.6217472310165657,0.7565055379668686,0.8405617088520763
FALSE,FALSE,1600,ITA,10,0.5959903670613603,0.8080192658772793,0.8977991843080882
FALSE,FALSE,1600,KAZ,1,0.5923635081114942,0.8152729837770116,0.8735067683325124
FALSE,FALSE,1600,KAZ,10,0.5263554276329638,0.9472891447340723,0.9485956326141383
FALSE,FALSE,1600,LAT,1,0.00892474519651476,0.01784949039302952,0.07628767267239656
FALSE,FALSE,1600,LAT,10,0.11570413957395842,0.23140827914791684,0.47039779146810634
FALSE,FALSE,1600,MEX,1,0.010078285650025776,0.02015657130005155,0.07628767267239656
FALSE,FALSE,1600,MEX,10,0.0031393656953175864,0.006278731390635173,0.031393656953175864
FALSE,FALSE,1600,NED,1,0.1832005371409683,0.3664010742819366,0.5234301061170523
FALSE,FALSE,1600,NED,10,0.9220117804440235,0.1559764391119529,0.35994562871989133
FALSE,FALSE,1600,POL,1,0.005035150675606448,0.010070301351212896,0.07552726013409672
FALSE,FALSE,1600,POL,10,0.039093941879442706,0.07818788375888541,0.23456365127665624
FALSE,FALSE,1600,ROU,1,0.20290448100605174,0.4058089620121035,0.553375857289232
FALSE,FALSE,1600,ROU,10,0.7443445017660053,0.5113109964679894,0.6898462550751983
FALSE,FALSE,1600,RUS,1,0.0036976027793536037,0.007395205558707207,0.07552726013409672
FALSE,FALSE,1600,RUS,10,0.004264986008567617,0.008529972017135234,0.03655702293057957
FALSE,FALSE,1600,SRB,1,0.043947711437747006,0.08789542287549401,0.21973855718873503
FALSE,FALSE,1600,SRB,10,0.14083817352747852,0.28167634705495703,0.5281431507280444
FALSE,FALSE,1600,SVK,1,0.4944754274504176,0.9889508549008352,0.9889508549008352
FALSE,FALSE,1600,SVK,10,0.9989545852781369,0.002090829443726294,0.031393656953175864
FALSE,FALSE,1600,TUR,1,0.5608803687085068,0.8782392625829865,0.9085233750858481
FALSE,FALSE,1600,TUR,10,0.29647707117619815,0.5929541423523963,0.7115449708228755
FALSE,FALSE,1600,UKR,1,0.07934874450707652,0.15869748901415304,0.3173949780283061
FALSE,FALSE,1600,UKR,10,0.02095529989301259,0.04191059978602518,0.13970199928675062
FALSE,FALSE,1600,USA,1,0.2338036360169592,0.4676072720339184,0.5845090900423979
FALSE,FALSE,1600,USA,10,0.8365746826945222,0.32685063461095565,0.5767952375487453
FALSE,FALSE,1600,VIE,1,0.004101367305165526,0.008202734610331053,0.07552726013409672
FALSE,FALSE,1600,VIE,10,0.049602373008463485,0.09920474601692697,0.2705583982279826
FALSE,TRUE,1000,ALG,1,0.0016352260819221254,0.0032704521638442507,0.009664540267116231
FALSE,TRUE,1000,ALG,10,0.0030394942863715135,0.006078988572743027,0.010401824891138068
FALSE,TRUE,1000,ARG,1,0.02380234136016135,0.0476046827203227,0.08145690154366328
FALSE,TRUE,1000,ARG,10,0.009640157500987234,0.01928031500197447,0.028270232128843206
FALSE,TRUE,1000,ARM,1,0.0016944323844944043,0.0033888647689888085,0.009664540267116231
FALSE,TRUE,1000,ARM,10,7.8044303089575e-4,0.0015608860617915,0.003248330452917446
FALSE,TRUE,1000,AUS,1,0.19886274033644624,0.3977254806728925,0.4640130607850413
FALSE,TRUE,1000,AUS,10,0.45020445386429175,0.9004089077285835,0.9004089077285835
FALSE,TRUE,1000,AUT,1,0.03383015808858569,0.06766031617717139,0.10853842386754577
FALSE,TRUE,1000,AUT,10,5.000197741091839e-4,0.0010000395482183677,0.002333425612509525
FALSE,TRUE,1000,AZE,1,1.8430349698073112e-4,3.6860699396146224e-4,0.001773921158439537
FALSE,TRUE,1000,AZE,10,0.008933086086385655,0.01786617217277131,0.02751390514606782
FALSE,TRUE,1000,BAN,1,0.21393017584453944,0.4278603516890789,0.48448892764792756
FALSE,TRUE,1000,BAN,10,1.3976198698362197e-6,2.7952397396724393e-6,1.2660791762045754e-5
FALSE,TRUE,1000,BEL,1,0.11025202725870398,0.22050405451740795,0.30319307496143594
FALSE,TRUE,1000,BEL,10,3.6328259200135715e-4,7.265651840027143e-4,0.0018046941667164194
FALSE,TRUE,1000,BIH,1,0.012601269283204042,0.025202538566408084,0.048603579058350437
FALSE,TRUE,1000,BIH,10,0.0027552914656731042,0.0055105829313462085,0.009643520129855865
FALSE,TRUE,1000,BLR,1,0.005822014184889479,0.011644028369778958,0.028922264015257413
FALSE,TRUE,1000,BLR,10,1.761028351883187e-4,3.522056703766374e-4,0.0010430706391923493
FALSE,TRUE,1000,BOL,1,0.015254741955665785,0.03050948391133157,0.05593405383744121
FALSE,TRUE,1000,BOL,10,0.039351861226114226,0.07870372245222845,0.0977449456261547
FALSE,TRUE,1000,BOT,1,8.226555293644466e-7,1.6453110587288933e-6,1.8098421646017826e-5
FALSE,TRUE,1000,BOT,10,1.2607555682775384e-6,2.521511136555077e-6,1.2484568719189904e-5
FALSE,TRUE,1000,BRA,1,9.156163930235106e-5,1.8312327860470212e-4,0.0011750410377135054
FALSE,TRUE,1000,BRA,10,1.3110179608588624e-11,2.6220359217177247e-11,3.3649460995377467e-10
FALSE,TRUE,1000,BUL,1,0.19528933943075721,0.39057867886151443,0.4626855118821017
FALSE,TRUE,1000,BUL,10,5.763217100218654e-7,1.1526434200437308e-6,8.068503940306115e-6
FALSE,TRUE,1000,CAN,1,0.0085904386154932455,0.01718087723098649,0.03779792990817028
FALSE,TRUE,1000,CAN,10,0.0014871421214222025,0.002974284242844405,0.00572549716747548
FALSE,TRUE,1000,CHI,1,1.017446819018275e-7,2.03489363803655e-7,3.1337362025762873e-6
FALSE,TRUE,1000,CHI,10,3.456393267375901e-5,6.912786534751802e-5,2.129138252703555e-4
FALSE,TRUE,1000,CHN,1,0.04470109426816149,0.08940218853632298,0.13785872362110038
FALSE,TRUE,1000,CHN,10,0.016520708719402255,0.03304141743880451,0.04463489724189381
FALSE,TRUE,1000,COL,1,4.476267172156545e-4,8.95253434431309e-4,0.0038296952472894885
FALSE,TRUE,1000,COL,10,1.3799656071511457e-5,2.7599312143022914e-5,8.854779312553185e-5
FALSE,TRUE,1000,CRC,1,0.0015887135487920867,0.0031774270975841734,0.009664540267116231
FALSE,TRUE,1000,CRC,10,0.00322037070028236,0.00644074140056472,0.010781241040075728
FALSE,TRUE,1000,CRO,1,0.01262430624892219,0.02524861249784438,0.048603579058350437
FALSE,TRUE,1000,CRO,10,7.041939014835741e-4,0.0014083878029671482,0.003012385023013067
FALSE,TRUE,1000,CUB,1,1.9759614645953327e-4,3.9519229291906655e-4,0.0017899886208687132
FALSE,TRUE,1000,CUB,10,2.4119595209981526e-12,4.823919041996305e-12,7.42883532467431e-11
FALSE,TRUE,1000,CZE,1,0.12514062763222544,0.2502812552644509,0.33226994233384
FALSE,TRUE,1000,CZE,10,0.042925533208972744,0.08585106641794549,0.10492908117748893
FALSE,TRUE,1000,DEN,1,0.02940332029779069,0.05880664059558138,0.09634279416722907
FALSE,TRUE,1000,DEN,10,0.6035455365097999,0.7929089269804002,0.8140531650332108
FALSE,TRUE,1000,DOM,1,9.832675057591667e-4,0.0019665350115183333,0.00677995623621633
FALSE,TRUE,1000,DOM,10,9.093783285285539e-7,1.8187566570571079e-6,1.0772635584107486e-5
FALSE,TRUE,1000,ECU,1,0.206256104305498,0.412512208610996,0.47408119497084616
FALSE,TRUE,1000,ECU,10,2.55072392943978e-4,5.10144785887956e-4,0.0013093716171124203
FALSE,TRUE,1000,EGY,1,0.044759325851006615,0.08951865170201323,0.13785872362110038
FALSE,TRUE,1000,EGY,10,2.8749441123299135e-6,5.749888224659827e-6,2.1753945767718125e-5
FALSE,TRUE,1000,ENG,1,0.12832505805026206,0.25665011610052413,0.33495015152102303
FALSE,TRUE,1000,ENG,10,0.009729365602783702,0.019458731205567403,0.028270232128843206
FALSE,TRUE,1000,ESP,1,0.05310480159604736,0.10620960319209471,0.1603556754076724
FALSE,TRUE,1000,ESP,10,6.382006520287975e-4,0.001276401304057595,0.002808082868926709
FALSE,TRUE,1000,EST,1,0.003710657404263573,0.007421314808527146,0.019048041341886344
FALSE,TRUE,1000,EST,10,2.0649369159941866e-4,4.129873831988373e-4,0.0011357153037968026
FALSE,TRUE,1000,FRA,1,0.02135658673879015,0.0427131734775803,0.07648638041334148
FALSE,TRUE,1000,FRA,10,5.332054002771258e-7,1.0664108005542516e-6,8.068503940306115e-6
FALSE,TRUE,1000,GEO,1,0.014454190888200658,0.028908381776401315,0.05429135114104637
FALSE,TRUE,1000,GEO,10,0.03225611190335853,0.06451222380671706,0.08338145159597132
FALSE,TRUE,1000,GER,1,0.025750377350911235,0.05150075470182247,0.08620778504435501
FALSE,TRUE,1000,GER,10,1.297098048747003e-6,2.594196097494006e-6,1.2484568719189904e-5
FALSE,TRUE,1000,GRE,1,0.23565740220986708,0.47131480441973417,0.5249478924738916
FALSE,TRUE,1000,GRE,10,2.9300154796851885e-6,5.860030959370377e-6,2.1753945767718125e-5
FALSE,TRUE,1000,HUN,1,0.8657618718423109,0.2684762563153782,0.3445445289380687
FALSE,TRUE,1000,HUN,10,0.4410211981728437,0.8820423963456874,0.8936482173502358
FALSE,TRUE,1000,INA,1,0.4052083809836443,0.8104167619672886,0.8379752051828391
FALSE,TRUE,1000,INA,10,0.04883182456334778,0.09766364912669556,0.1175015778555556
FALSE,TRUE,1000,IND,1,0.4131883386298393,0.8263766772596786,0.8379752051828391
FALSE,TRUE,1000,IND,10,0.7038007121600467,0.5923985756799066,0.6335274635340957
FALSE,TRUE,1000,IRI,1,0.72346707989099035,0.5530658402180193,0.5914731902331595
FALSE,TRUE,1000,IRI,10,0.13311542295721357,0.26623084591442714,0.3059667930658342
FALSE,TRUE,1000,IRQ,1,0.12375033472632013,0.24750066945264027,0.33226994233384
FALSE,TRUE,1000,IRQ,10,0.0036393962778997757,0.007278792555799551,0.011676396391595114
FALSE,TRUE,1000,ISR,1,0.0114921000536935,0.022984200107387,0.04657324758602102
FALSE,TRUE,1000,ISR,10,0.26319941904937827,0.5263988380987565,0.5708832469521726
FALSE,TRUE,1000,ITA,1,0.27475335599465456,0.5495067119893091,0.5914731902331595
FALSE,TRUE,1000,ITA,10,2.402156240169928e-4,4.804312480339856e-4,0.0012756277965040308
FALSE,TRUE,1000,KAZ,1,0.4135462051551674,0.8270924103103348,0.8379752051828391
FALSE,TRUE,1000,KAZ,10,8.404959432123382e-4,0.0016809918864246765,0.003331459898597138
FALSE,TRUE,1000,KEN,1,1.949065711048803e-7,3.898131422097606e-7,5.002601991691928e-6
FALSE,TRUE,1000,KEN,10,2.1720158959182e-6,4.3440317918364e-6,1.8582802665077934e-5
FALSE,TRUE,1000,KOR,1,0.06320835843254213,0.12641671686508427,0.18719398458868247
FALSE,TRUE,1000,KOR,10,2.0550228185811648e-12,4.1100456371623295e-12,7.42883532467431e-11
FALSE,TRUE,1000,LAT,1,0.0014597770376737484,0.002919554075347497,0.009366902658406553
FALSE,TRUE,1000,LAT,10,0.009459069965649047,0.018918139931298095,0.028270232128843206
FALSE,TRUE,1000,LTU,1,1,0,0
FALSE,TRUE,1000,LTU,10,0.006197457895006253,0.012394915790012506,0.019477724812876795
FALSE,TRUE,1000,MAS,1,0.19506056103444502,0.39012112206889005,0.4626855118821017
FALSE,TRUE,1000,MAS,10,0.1523542802576371,0.3047085605152742,0.3400370892706683
FALSE,TRUE,1000,MDA,1,0.0010125908664478933,0.0020251817328957866,0.00677995623621633
FALSE,TRUE,1000,MDA,10,0.1396506909076206,0.2793013818152412,0.31626774117314077
FALSE,TRUE,1000,MEX,1,1.6614597243558293e-6,3.3229194487116587e-6,3.1983099693849715e-5
FALSE,TRUE,1000,MEX,10,2.191580250610059e-13,4.383160501220118e-13,1.1250111953131636e-11
FALSE,TRUE,1000,MGL,1,0.17890584629480322,0.35781169258960643,0.4443790375709628
FALSE,TRUE,1000,MGL,10,0.03248627984258623,0.06497255968517246,0.08338145159597132
FALSE,TRUE,1000,NED,1,0.011135277306129732,0.022270554612259463,0.046346829868756184
FALSE,TRUE,1000,NED,10,0.015843158289419623,0.031686316578839246,0.043568685295903964
FALSE,TRUE,1000,NGR,1,4.3518855186164274e-11,8.703771037232855e-11,2.2339678995564327e-9
FALSE,TRUE,1000,NGR,10,6.324767376497675e-10,1.264953475299535e-9,1.3914488228294886e-8
FALSE,TRUE,1000,NOR,1,0.006194201485460904,0.012388402970921808,0.029244621931072395
FALSE,TRUE,1000,NOR,10,0.30030847297395447,0.6006169459479089,0.6335274635340957
FALSE,TRUE,1000,PER,1,0.1497770838265664,0.2995541676531328,0.3781257526113316
FALSE,TRUE,1000,PER,10,0.001729359984318557,0.003458719968637114,0.006340986609168042
FALSE,TRUE,1000,PHI,1,1.3696377382110825e-4,2.739275476422165e-4,0.0014061614112300448
FALSE,TRUE,1000,PHI,10,4.529241808437501e-4,9.058483616875002e-4,0.0021796976203105473
FALSE,TRUE,1000,POL,1,1.2154565138233764e-4,2.4309130276467528e-4,0.001337002165205714
FALSE,TRUE,1000,POL,10,7.905587855461249e-7,1.5811175710922498e-6,1.0145504414508604e-5
FALSE,TRUE,1000,POR,1,6.033715646323046e-4,0.0012067431292646091,0.004890485313335521
FALSE,TRUE,1000,POR,10,0.09989118537214225,0.1997823707442845,0.2330794325349986
FALSE,TRUE,1000,ROU,1,0.08153525026638231,0.16307050053276462,0.23252645446338657
FALSE,TRUE,1000,ROU,10,0.03304225150285689,0.06608450300571378,0.08341814313836002
FALSE,TRUE,1000,RSA,1,0.02312180879170589,0.04624361758341178,0.08092633077097061
FALSE,TRUE,1000,RSA,10,0.07482280914055928,0.14964561828111855,0.1772725016560943
FALSE,TRUE,1000,RUS,1,1.1973156190603351e-4,2.3946312381206702e-4,0.001337002165205714
FALSE,TRUE,1000,RUS,10,1.7096878524025527e-7,3.4193757048051054e-7,2.9254658807777013e-6
FALSE,TRUE,1000,SGP,1,0.23861267839722344,0.4772253567944469,0.5249478924738916
FALSE,TRUE,1000,SGP,10,0.01308595510848154,0.02617191021696308,0.03664067430374831
FALSE,TRUE,1000,SLO,1,0.006805618579932671,0.013611237159865341,0.03082544886204798
FALSE,TRUE,1000,SLO,10,8.43681402891483e-4,0.001687362805782966,0.003331459898597138
FALSE,TRUE,1000,SRB,1,0.0030280422555379882,0.0060560845110759765,0.016266500009560324
FALSE,TRUE,1000,SRB,10,1.9464280849612603e-4,3.8928561699225206e-4,0.0011101849077186448
FALSE,TRUE,1000,SRI,1,0.0030631720797223982,0.0061263441594447965,0.016266500009560324
FALSE,TRUE,1000,SRI,10,1.1005962101684474e-6,2.201192420336895e-6,1.2106558311852922e-5
FALSE,TRUE,1000,SUI,1,0.07206231652973172,0.14412463305946344,0.20938861784110724
FALSE,TRUE,1000,SUI,10,0.38443234092851075,0.7688646818570215,0.8000348716620359
FALSE,TRUE,1000,SVK,1,0.1848454616624179,0.3696909233248358,0.451844461841466
FALSE,TRUE,1000,SVK,10,0.7464421407657514,0.5071157184684971,0.5578272903153468
FALSE,TRUE,1000,SWE,1,0.6345157564578003,0.7309684870843993,0.7710215548698458
FALSE,TRUE,1000,SWE,10,0.020403434831632206,0.04080686966326441,0.05417463731157517
FALSE,TRUE,1000,THA,1,2.1664559019196616e-5,4.332911803839323e-5,3.7070467655069765e-4
FALSE,TRUE,1000,THA,10,3.208558951528495e-6,6.41711790305699e-6,2.2459912660699466e-5
FALSE,TRUE,1000,TKM,1,3.4340273724398074e-5,6.868054744879615e-5,5.288402153557304e-4
FALSE,TRUE,1000,TKM,10,0.001555112860521457,0.003110225721042914,0.005841155622446448
FALSE,TRUE,1000,TUR,1,0.46694205262826427,0.9338841052565285,0.9338841052565285
FALSE,TRUE,1000,TUR,10,5.66639729734586e-4,0.001133279459469172,0.0025665446582095954
FALSE,TRUE,1000,UAE,1,7.993294470765022e-9,1.5986588941530044e-8,3.0774183712445335e-7
FALSE,TRUE,1000,UAE,10,8.450064929332868e-6,1.6900129858665736e-5,5.657869561379399e-5
FALSE,TRUE,1000,UKR,1,0.010585684894023673,0.021171369788047345,0.045283207602212376
FALSE,TRUE,1000,UKR,10,1.3832483214404334e-7,2.766496642880867e-7,2.6627530187728343e-6
FALSE,TRUE,1000,USA,1,0.006266704699515513,0.012533409399031026,0.029244621931072395
FALSE,TRUE,1000,USA,10,0.01075305303923435,0.0215061060784687,0.030666114223001664
FALSE,TRUE,1000,UZB,1,0.09866047138720124,0.19732094277440249,0.27624931988416346
FALSE,TRUE,1000,UZB,10,0.0021873513742353135,0.004374702748470627,0.00783377003795903
FALSE,TRUE,1000,VEN,1,7.815353328888275e-4,0.001563070665777655,0.005731259107851401
FALSE,TRUE,1000,VEN,10,0.0036256579807635303,0.007251315961527061,0.011676396391595114
FALSE,TRUE,1000,VIE,1,8.307940230944943e-5,1.6615880461889887e-4,0.001163111632332292
FALSE,TRUE,1000,VIE,10,2.966447150143381e-6,5.932894300286762e-6,2.1753945767718125e-5
FALSE,TRUE,1000,ZAM,1,7.718475461648833e-4,0.0015436950923297665,0.005731259107851401
FALSE,TRUE,1000,ZAM,10,0,0,0
FALSE,TRUE,1000,ZIM,1,2.1124213489542853e-12,4.224842697908571e-12,1.6265644386947997e-10
FALSE,TRUE,1000,ZIM,10,1.4432899320127035e-15,2.886579864025407e-15,1.1113332476497817e-13
FALSE,TRUE,1400,ALG,1,0.009630174964301963,0.019260349928603926,0.04922089426198781
FALSE,TRUE,1400,ALG,10,0.08666661478034465,0.1733332295606893,0.2174544152670466
FALSE,TRUE,1400,ARG,1,0.025506087100554797,0.051012174201109595,0.09777333388546006
FALSE,TRUE,1400,ARG,10,0.011438628342846813,0.022877256685693625,0.03671001654215954
FALSE,TRUE,1400,ARM,1,0.0017342980083502324,0.003468596016700465,0.013750749387695643
FALSE,TRUE,1400,ARM,10,7.993533752824744e-4,0.0015987067505649488,0.005014125717680976
FALSE,TRUE,1400,AUS,1,0.1922710736488621,0.3845421472977242,0.47381086006326734
FALSE,TRUE,1400,AUS,10,0.423393969863615,0.84678793972723,0.8720651916593862
FALSE,TRUE,1400,AUT,1,0.04332672662006731,0.08665345324013463,0.15330995573254588
FALSE,TRUE,1400,AUT,10,0.0015274731610761538,0.0030549463221523077,0.007026376540950307
FALSE,TRUE,1400,AZE,1,1.340687363634574e-4,2.681374727269148e-4,0.0030479766503095965
FALSE,TRUE,1400,AZE,10,0.005827118148096111,0.011654236296192222,0.019613226937494226
FALSE,TRUE,1400,BAN,1,0.35505605397242046,0.7101121079448409,0.7538113145876003
FALSE,TRUE,1400,BAN,10,0.0028145104806301946,0.005629020961260389,0.011423601362557849
FALSE,TRUE,1400,BEL,1,0.1522463094661788,0.3044926189323576,0.4040382828140898
FALSE,TRUE,1400,BEL,10,0.0032992999368061104,0.006598599873612221,0.012875613441449737
FALSE,TRUE,1400,BIH,1,0.012090046991833692,0.024180093983667383,0.05239380474350283
FALSE,TRUE,1400,BIH,10,0.002368270489374602,0.004736540978749204,0.009903676591930154
FALSE,TRUE,1400,BLR,1,0.006267855768865127,0.012535711537730254,0.03931654982288125
FALSE,TRUE,1400,BLR,10,2.126077380022462e-4,4.252154760044924e-4,0.0017258745790770572
FALSE,TRUE,1400,BOL,1,0.013575875707496188,0.027151751414992376,0.05567163763742629
FALSE,TRUE,1400,BOL,10,0.027841064552698747,0.05568212910539749,0.07840952874025361
FALSE,TRUE,1400,BRA,1,2.4295466053192438e-4,4.8590932106384876e-4,0.0030479766503095965
FALSE,TRUE,1400,BRA,10,6.786080586351773e-10,1.3572161172703545e-9,3.1215970697218154e-8
FALSE,TRUE,1400,BUL,1,0.18722034146481337,0.37444068292962673,0.469752856766259
FALSE,TRUE,1400,BUL,10,2.6386805385136824e-07,5.277361077027365e-7,6.06896523858147e-6
FALSE,TRUE,1400,CAN,1,0.007681587249789512,0.015363174499579024,0.042402361618838105
FALSE,TRUE,1400,CAN,10,0.0010008303628697979,0.0020016607257395957,0.005524583603041284
FALSE,TRUE,1400,CHI,1,1.4418887498424127e-6,2.8837774996848253e-6,9.949032373912647e-5
FALSE,TRUE,1400,CHI,10,8.417864416390142e-4,0.0016835728832780283,0.005050718649834085
FALSE,TRUE,1400,CHN,1,0.0480799539637673,0.0961599079275346,0.16339068426191486
FALSE,TRUE,1400,CHN,10,0.020714651496218983,0.041429302992437966,0.06082174269102595
FALSE,TRUE,1400,COL,1,6.936395611462087e-4,0.0013872791222924175,0.0073632507260136
FALSE,TRUE,1400,COL,10,4.36997999864186e-5,8.73995999728372e-5,5.025476998438139e-4
FALSE,TRUE,1400,CRC,1,0.0056363162800112665,0.011272632560022533,0.03703864984007404
FALSE,TRUE,1400,CRC,10,0.03608838146224447,0.07217676292448894,0.09577301234211032
FALSE,TRUE,1400,CRO,1,0.014449929380347615,0.02889985876069523,0.056974007271084884
FALSE,TRUE,1400,CRO,10,0.0011094438516886518,0.0022188877033773036,0.005888586597424382
FALSE,TRUE,1400,CUB,1,1.9544288768735818e-4,3.9088577537471636e-4,0.0030479766503095965
FALSE,TRUE,1400,CUB,10,2.2767343565988085e-12,4.553468713197617e-12,1.6559786875092186e-10
FALSE,TRUE,1400,CZE,1,0.14215960054469967,0.28431920108939934,0.3846671544150697
FALSE,TRUE,1400,CZE,10,0.06903991112684704,0.13807982225369408,0.17686039123489003
FALSE,TRUE,1400,DEN,1,0.05077304596953802,0.10154609193907604,0.1668257224713392
FALSE,TRUE,1400,DEN,10,0.7956529323010888,0.4086941353978224,0.46229336626966794
FALSE,TRUE,1400,DOM,1,0.0017935760070907358,0.0035871520141814717,0.013750749387695643
FALSE,TRUE,1400,DOM,10,8.372351535501643e-6,1.6744703071003286e-5,1.0503495562720242e-4
FALSE,TRUE,1400,ECU,1,0.22613626351445715,0.4522725270289143,0.5289288875422896
FALSE,TRUE,1400,ECU,10,6.320463727370607e-4,0.0012640927454741213,0.004361119971885719
FALSE,TRUE,1400,EGY,1,0.0805904692157462,0.1611809384314924,0.25276101708574944
FALSE,TRUE,1400,EGY,10,1.8726513635725084e-4,3.745302727145017e-4,0.0016151618010812885
FALSE,TRUE,1400,ENG,1,0.1361347119251075,0.272269423850215,0.37643672040041787
FALSE,TRUE,1400,ENG,10,0.013051208334104003,0.026102416668208006,0.04002370555791895
FALSE,TRUE,1400,ESP,1,0.08513741893840099,0.17027483787680198,0.26108808474442974
FALSE,TRUE,1400,ESP,10,0.006270768626267409,0.012541537252534818,0.020603954057735772
FALSE,TRUE,1400,EST,1,0.0046794550022722925,0.009358910004544585,0.03228823951567882
FALSE,TRUE,1400,EST,10,3.96590722277268e-4,7.93181444554536e-4,0.0028805010354875254
FALSE,TRUE,1400,FRA,1,0.04854360909230804,0.09708721818461608,0.16339068426191486
FALSE,TRUE,1400,FRA,10,8.567504462009268e-5,1.7135008924018535e-4,8.467527888638297e-4
FALSE,TRUE,1400,GEO,1,0.011594321506514182,0.023188643013028365,0.05239380474350283
FALSE,TRUE,1400,GEO,10,0.02017810579481316,0.04035621158962632,0.060534317384439484
FALSE,TRUE,1400,GER,1,0.03188978813140275,0.0637795762628055,0.11581028321404158
FALSE,TRUE,1400,GER,10,5.112403601792437e-6,1.0224807203584874e-5,7.055116970473563e-5
FALSE,TRUE,1400,GRE,1,0.2969999047079732,0.5939998094159464,0.6610643040274242
FALSE,TRUE,1400,GRE,10,8.590245684125808e-5,1.7180491368251616e-4,8.467527888638297e-4
FALSE,TRUE,1400,HUN,1,0.8702271134736008,0.25954577305279836,0.37309704876339767
FALSE,TRUE,1400,HUN,10,0.4869583642585237,0.9739167285170474,0.9739167285170474
FALSE,TRUE,1400,INA,1,0.4353981570429263,0.8707963140858526,0.8836021422341739
FALSE,TRUE,1400,INA,10,0.09069040132796058,0.18138080265592116,0.22348706041533145
FALSE,TRUE,1400,IND,1,0.3800967422638828,0.7601934845277656,0.7947477338244822
FALSE,TRUE,1400,IND,10,0.6050166642064778,0.7899666715870444,0.8516828178047822
FALSE,TRUE,1400,IRI,1,0.764828834520132,0.4703423309597361,0.5408936806036965
FALSE,TRUE,1400,IRI,10,0.31889231014000285,0.6377846202800057,0.6985260126876254
FALSE,TRUE,1400,ISR,1,0.012149288056464425,0.02429857611292885,0.05239380474350283
FALSE,TRUE,1400,ISR,10,0.2787249564133777,0.5574499128267554,0.6203878062104212
FALSE,TRUE,1400,ITA,1,0.32388804426862394,0.6477760885372479,0.7004120129309843
FALSE,TRUE,1400,ITA,10,0.0017778244314953229,0.0035556488629906458,0.00766686786082358
FALSE,TRUE,1400,KAZ,1,0.41410463761421656,0.8282092752284331,0.8529319401606252
FALSE,TRUE,1400,KAZ,10,7.683179768898096e-4,0.0015366359537796193,0.005014125717680976
FALSE,TRUE,1400,KOR,1,0.13639011608710794,0.2727802321742159,0.37643672040041787
FALSE,TRUE,1400,KOR,10,1.2353338796344815e-8,2.470667759268963e-8,4.261901884738961e-7
FALSE,TRUE,1400,LAT,1,0.0010787141739584394,0.0021574283479168788,0.00930390975039154
FALSE,TRUE,1400,LAT,10,0.005364529565288989,0.010729059130577978,0.018507627000247013
FALSE,TRUE,1400,LTU,1,1,0,0
FALSE,TRUE,1400,LTU,10,0.004200015186075601,0.008400030372151202,0.015252686728379814
FALSE,TRUE,1400,MAS,1,0.28043839160395456,0.5608767832079091,0.6344343941204218
FALSE,TRUE,1400,MAS,10,0.4448554071030858,0.8897108142061716,0.902794796768027
FALSE,TRUE,1400,MDA,1,9.983926650733999e-4,0.0019967853301467997,0.009185212518675278
FALSE,TRUE,1400,MDA,10,0.13925515229361685,0.2785103045872337,0.33133122442274354
FALSE,TRUE,1400,MEX,1,3.5701019042155835e-6,7.140203808431167e-6,1.6422468759391684e-4
FALSE,TRUE,1400,MEX,10,2.399969112332201e-12,4.799938224664402e-12,1.6559786875092186e-10
FALSE,TRUE,1400,MGL,1,0.1778818826692622,0.3557637653385244,0.45458703348811447
FALSE,TRUE,1400,MGL,10,0.030980694535726494,0.06196138907145299,0.08383011462608346
FALSE,TRUE,1400,NED,1,0.013716200577336912,0.027432401154673824,0.05567163763742629
FALSE,TRUE,1400,NED,10,0.02481824610649197,0.04963649221298394,0.07135245755616441
FALSE,TRUE,1400,NOR,1,0.008936790756622237,0.017873581513244474,0.04743373555437957
FALSE,TRUE,1400,NOR,10,0.40136558798643973,0.8027311759728795,0.8521300175712105
FALSE,TRUE,1400,PER,1,0.17659109935216533,0.35318219870433065,0.45458703348811447
FALSE,TRUE,1400,PER,10,0.005186883621326244,0.010373767242652487,0.018353588198539016
FALSE,TRUE,1400,PHI,1,2.3935346126446877e-4,4.7870692252893754e-4,0.0030479766503095965
FALSE,TRUE,1400,PHI,10,0.001202807391340599,0.002405614782681198,0.006147682222407505
FALSE,TRUE,1400,POL,1,2.0648980504545111e-4,4.1297961009090223e-4,0.0030479766503095965
FALSE,TRUE,1400,POL,10,3.1603310171046672e-6,6.3206620342093345e-6,4.845840892893823e-5
FALSE,TRUE,1400,POR,1,9.358896708011599e-4,0.0018717793416023198,0.009185212518675278
FALSE,TRUE,1400,POR,10,0.14735684711935648,0.29471369423871296,0.3446651678384948
FALSE,TRUE,1400,ROU,1,0.07996562339113678,0.15993124678227355,0.25276101708574944
FALSE,TRUE,1400,ROU,10,0.0305800766990868,0.0611601533981736,0.08383011462608346
FALSE,TRUE,1400,RSA,1,0.03025500338721221,0.06051000677442442,0.11284298560635905
FALSE,TRUE,1400,RSA,10,0.12204208619007606,0.24408417238015212,0.29547031393386836
FALSE,TRUE,1400,RUS,1,1.7052041806386864e-4,3.410408361277373e-4,0.0030479766503095965
FALSE,TRUE,1400,RUS,10,4.768023154078094e-7,9.536046308156187e-7,9.399817075182528e-6
FALSE,TRUE,1400,SGP,1,0.2139338542569328,0.4278677085138656,0.5090150325423574
FALSE,TRUE,1400,SGP,10,0.004078103862569127,0.008156207725138254,0.015210225217149717
FALSE,TRUE,1400,SLO,1,0.007097930372693018,0.014195860745386035,0.04081309964298485
FALSE,TRUE,1400,SLO,10,9.288953440659276e-4,0.001857790688131855,0.005341148228379083
FALSE,TRUE,1400,SRB,1,0.0035270027665573744,0.007054005533114749,0.02561717798867988
FALSE,TRUE,1400,SRB,10,3.020285783746912e-4,6.040571567493824e-4,0.002315552434205966
FALSE,TRUE,1400,SRI,1,0.010221788776518137,0.020443577553036274,0.05037881611283939
FALSE,TRUE,1400,SRI,10,9.410326068159947e-5,1.8820652136319893e-4,8.65749998270715e-4
FALSE,TRUE,1400,SUI,1,0.10351323444442018,0.20702646888884035,0.30393247560276565
FALSE,TRUE,1400,SUI,10,0.5830614406687947,0.8338771186624105,0.8717806240561564
FALSE,TRUE,1400,SVK,1,0.20465493929671186,0.4093098785934237,0.49548037934993394
FALSE,TRUE,1400,SVK,10,0.8029235100218781,0.39415297995624377,0.4532759269496803
FALSE,TRUE,1400,SWE,1,0.6751712403798333,0.6496575192403333,0.7004120129309843
FALSE,TRUE,1400,SWE,10,0.06920624004843523,0.13841248009687046,0.17686039123489003
FALSE,TRUE,1400,TKM,1,3.31077130155677e-5,6.62154260311354e-5,0.0011422160990370855
FALSE,TRUE,1400,TKM,10,0.0014579327612761483,0.0029158655225522967,0.006937749001934775
FALSE,TRUE,1400,TUR,1,0.5160483684804635,0.9679032630390729,0.9679032630390729
FALSE,TRUE,1400,TUR,10,0.003358855680378192,0.006717711360756384,0.012875613441449737
FALSE,TRUE,1400,UKR,1,0.011729540694969787,0.023459081389939573,0.05239380474350283
FALSE,TRUE,1400,UKR,10,2.4966195955045123e-7,4.993239191009025e-7,6.06896523858147e-6
FALSE,TRUE,1400,USA,1,0.006805765408647968,0.013611530817295936,0.04081309964298485
FALSE,TRUE,1400,USA,10,0.01272545456256291,0.02545090912512582,0.03991165294622003
FALSE,TRUE,1400,UZB,1,0.09235121005741898,0.18470242011483795,0.2770536301722569
FALSE,TRUE,1400,UZB,10,0.0013386848723783151,0.0026773697447566303,0.006597804013864553
FALSE,TRUE,1400,VEN,1,5.265811006696097e-4,0.0010531622013392195,0.006055682657700512
FALSE,TRUE,1400,VEN,10,0.0017380203632857416,0.0034760407265714832,0.00766686786082358
FALSE,TRUE,1400,VIE,1,8.507015908476578e-5,1.7014031816953157e-4,0.002347936390739536
FALSE,TRUE,1400,VIE,10,2.959780717515237e-6,5.919561435030474e-6,4.845840892893823e-5
FALSE,TRUE,1600,ARG,1,0.03204279817971567,0.06408559635943134,0.12817119271886268
FALSE,TRUE,1600,ARG,10,0.02054639097916,0.04109278195832,0.065326986702970255
FALSE,TRUE,1600,ARM,1,0.0019598643908469437,0.0039197287816938875,0.015188949029063814
FALSE,TRUE,1600,ARM,10,9.861825233318244e-4,0.001972365046663649,0.007193331346655661
FALSE,TRUE,1600,AUS,1,0.17485969147747582,0.34971938295495164,0.4517208696501459
FALSE,TRUE,1600,AUS,10,0.3500415668946326,0.7000831337892652,0.7750920409809723
FALSE,TRUE,1600,AUT,1,0.06639236420686412,0.13278472841372824,0.22250413950408515
FALSE,TRUE,1600,AUT,10,0.009127505401708813,0.018255010803417626,0.03328854911211449
FALSE,TRUE,1600,AZE,1,1.2590916897436966e-4,2.518183379487393e-4,0.0026021228254703064
FALSE,TRUE,1600,AZE,10,0.005201878691824757,0.010403757383649515,0.02140150454291767
FALSE,TRUE,1600,BEL,1,0.20233511263156,0.40467022526312,0.5017910793262689
FALSE,TRUE,1600,BEL,10,0.01787872163159543,0.03575744326319086,0.05868127698278186
FALSE,TRUE,1600,BIH,1,0.01640673038000351,0.03281346076000702,0.0726583773971584
FALSE,TRUE,1600,BIH,10,0.006078373494529776,0.012156746989059553,0.023553697291302883
FALSE,TRUE,1600,BLR,1,0.005135301897075006,0.010270603794150013,0.033514601854594775
FALSE,TRUE,1600,BLR,10,9.241322391406737e-5,1.8482644782813473e-4,0.0011459239765344354
FALSE,TRUE,1600,BRA,1,0.0012792491885653678,0.0025584983771307357,0.010575126625473708
FALSE,TRUE,1600,BRA,10,4.005473196455611e-7,8.010946392911222e-7,9.933573527209915e-6
FALSE,TRUE,1600,BUL,1,0.19240003108407888,0.38480006216815776,0.486889874580118
FALSE,TRUE,1600,BUL,10,2.9154487879434754e-7,5.830897575886951e-7,9.933573527209915e-6
FALSE,TRUE,1600,CAN,1,0.00690641659302349,0.01381283318604698,0.03892707534249604
FALSE,TRUE,1600,CAN,10,5.762037619372329e-4,0.0011524075238744658,0.004888831222201873
FALSE,TRUE,1600,CHI,1,7.570721025307314e-6,1.5141442050614629e-5,4.693847035690535e-4
FALSE,TRUE,1600,CHI,10,0.005350376135729418,0.010700752271458835,0.02140150454291767
FALSE,TRUE,1600,CHN,1,0.0493254561342108,0.0986509122684216,0.17989284001888645
FALSE,TRUE,1600,CHN,10,0.022251752484472087,0.044503504968944174,0.0683329163467269
FALSE,TRUE,1600,COL,1,0.001210957530792478,0.002421915061584956,0.010575126625473708
FALSE,TRUE,1600,COL,10,1.7695208618606628e-4,3.5390417237213256e-4,0.0019947326079156565
FALSE,TRUE,1600,CRO,1,0.02220874704218423,0.04441749408436846,0.09179615444102816
FALSE,TRUE,1600,CRO,10,0.004424468188993003,0.008848936377986005,0.019188851179444404
FALSE,TRUE,1600,CUB,1,1.833924124339248e-4,3.667848248678496e-4,0.003248665591686668
FALSE,TRUE,1600,CUB,10,1.6083800957744643e-12,3.2167601915489286e-12,1.9943913187603357e-10
FALSE,TRUE,1600,CZE,1,0.17258014696793422,0.34516029393586845,0.4517208696501459
FALSE,TRUE,1600,CZE,10,0.13421468634987133,0.26842937269974265,0.3328524221476809
FALSE,TRUE,1600,DEN,1,0.04453975137759769,0.08907950275519538,0.17259153658819104
FALSE,TRUE,1600,DEN,10,0.7690124437557904,0.46197511248841927,0.5343135100274006
FALSE,TRUE,1600,ECU,1,0.25632447938786596,0.5126489587757319,0.5885969526684329
FALSE,TRUE,1600,ECU,10,0.0018171791623362576,0.0036343583246725153,0.010242282551349817
FALSE,TRUE,1600,EGY,1,0.13664342939514063,0.27328685879028125,0.3940415173255218
FALSE,TRUE,1600,EGY,10,0.004364241203386077,0.008728482406772153,0.019188851179444404
FALSE,TRUE,1600,ENG,1,0.16554009069851117,0.33108018139702233,0.4517208696501459
FALSE,TRUE,1600,ENG,10,0.03366182463643341,0.06732364927286683,0.09486514215722144
FALSE,TRUE,1600,ESP,1,0.11560827314370681,0.23121654628741362,0.3496445334102352
FALSE,TRUE,1600,ESP,10,0.02369609195894562,0.04739218391789124,0.0683329163467269
FALSE,TRUE,1600,EST,1,0.0056705798687085585,0.011341159737417117,0.033594201873408815
FALSE,TRUE,1600,EST,10,5.620314414792604e-4,0.0011240628829585209,0.004888831222201873
FALSE,TRUE,1600,FRA,1,0.07863046151767783,0.15726092303535566,0.25000454431261665
FALSE,TRUE,1600,FRA,10,0.0012813124904571538,0.0025626249809143076,0.008362249937720372
FALSE,TRUE,1600,GEO,1,0.00780509376576799,0.01561018753153598,0.041804776505388594
FALSE,TRUE,1600,GEO,10,0.00808074428863148,0.01616148857726296,0.030364008842130415
FALSE,TRUE,1600,GER,1,0.04619007205776793,0.09238014411553586,0.17356269500494617
FALSE,TRUE,1600,GER,10,5.061819301244164e-5,1.0123638602488327e-4,6.974062148380848e-4
FALSE,TRUE,1600,GRE,1,0.32578736157651567,0.6515747231530313,0.7087304006225955
FALSE,TRUE,1600,GRE,10,2.6031759066480475e-4,5.206351813296095e-4,0.002689948436869649
FALSE,TRUE,1600,HUN,1,0.8786912909868919,0.24261741802621617,0.3581495218482239
FALSE,TRUE,1600,HUN,10,0.5768131226094152,0.8463737547811696,0.8745862132738753
FALSE,TRUE,1600,INA,1,0.4352111927141371,0.8704223854282742,0.8846916048615246
FALSE,TRUE,1600,INA,10,0.08897683707668502,0.17795367415337005,0.23353313619665522
FALSE,TRUE,1600,IND,1,0.3588245248790346,0.7176490497580692,0.7671420876724188
FALSE,TRUE,1600,IND,10,0.5356099710473294,0.9287800579053411,0.9287800579053411
FALSE,TRUE,1600,IRI,1,0.7751144852874023,0.4497710294251953,0.5261472419690963
FALSE,TRUE,1600,IRI,10,0.3782620930872064,0.7565241861744127,0.8040994712834574
FALSE,TRUE,1600,ISR,1,0.010061162395613388,0.020122324791226776,0.049903365482242404
FALSE,TRUE,1600,ISR,10,0.23268491565709382,0.46536983131418763,0.5343135100274006
FALSE,TRUE,1600,ITA,1,0.3910365514075548,0.7820731028151096,0.8218395317718101
FALSE,TRUE,1600,ITA,10,0.014173824909111676,0.028347649818223353,0.050215836820852795
FALSE,TRUE,1600,KAZ,1,0.41407179093029667,0.8281435818605933,0.8557483679226132
FALSE,TRUE,1600,KAZ,10,5.913908736534523e-4,0.0011827817473069047,0.004888831222201873
FALSE,TRUE,1600,LAT,1,5.368554067202158e-4,0.0010737108134404316,0.00554750586944223
FALSE,TRUE,1600,LAT,10,0.0013515211197334676,0.002703042239466935,0.008379430942347499
FALSE,TRUE,1600,LTU,1,1,0,0
FALSE,TRUE,1600,LTU,10,0.004487715195192643,0.008975430390385286,0.019188851179444404
FALSE,TRUE,1600,MAS,1,0.2646504785525463,0.5293009571050926,0.5966665334639225
FALSE,TRUE,1600,MAS,10,0.3815811671295243,0.7631623342590486,0.8040994712834574
FALSE,TRUE,1600,MDA,1,6.060119439837974e-4,0.0012120238879675949,0.00578042161953776
FALSE,TRUE,1600,MDA,10,0.09039992368902783,0.18079984737805566,0.23353313619665522
FALSE,TRUE,1600,MEX,1,2.456377078008387e-5,4.912754156016774e-5,0.0010153025255768
FALSE,TRUE,1600,MEX,10,8.535473439152952e-10,1.7070946878305904e-9,5.29199353227483e-8
FALSE,TRUE,1600,MGL,1,0.17026587351458555,0.3405317470291711,0.4517208696501459
FALSE,TRUE,1600,MGL,10,0.022877516005976428,0.045755032011952856,0.0683329163467269
FALSE,TRUE,1600,NED,1,0.018120278395811096,0.03624055679162219,0.077479811071744
FALSE,TRUE,1600,NED,10,0.04391088273503618,0.08782176547007237,0.11836846650314102
FALSE,TRUE,1600,NOR,1,0.004519844250702398,0.009039688501404797,0.031136704838172078
FALSE,TRUE,1600,NOR,10,0.24252250962666044,0.4850450192533209,0.5467780217037436
FALSE,TRUE,1600,PER,1,0.21659848901211076,0.4331969780242215,0.5165040891827256
FALSE,TRUE,1600,PER,10,0.017631965719553055,0.03526393143910611,0.05868127698278186
FALSE,TRUE,1600,PHI,1,3.8989127697697246e-4,7.797825539539449e-4,0.004834651834514459
FALSE,TRUE,1600,PHI,10,0.002618731496636162,0.005237462993272324,0.01353011273262017
FALSE,TRUE,1600,POL,1,2.3076075168548815e-4,4.615215033709763e-4,0.0035767916511250664
FALSE,TRUE,1600,POL,10,3.97721183587052e-6,7.95442367174104e-6,6.164678345599306e-5
FALSE,TRUE,1600,POR,1,0.004119582337430816,0.008239164674861632,0.030048718225965953
FALSE,TRUE,1600,POR,10,0.44069530100959786,0.8813906020191957,0.8958396282818055
FALSE,TRUE,1600,ROU,1,0.07456054737921114,0.14912109475842228,0.24330283881637318
FALSE,TRUE,1600,ROU,10,0.023278703740623352,0.046557407481246704,0.0683329163467269
FALSE,TRUE,1600,RSA,1,0.06265728187061381,0.12531456374122762,0.21581952644322536
FALSE,TRUE,1600,RSA,10,0.3825957161751934,0.7651914323503868,0.8040994712834574
FALSE,TRUE,1600,RUS,1,2.6259404518191864e-4,5.251880903638373e-4,0.0036179624002842126
FALSE,TRUE,1600,RUS,10,1.631219977538123e-6,3.262439955076246e-6,3.371187953578788e-5
FALSE,TRUE,1600,SLO,1,0.012329629811218656,0.024659259622437313,0.058075633193571306
FALSE,TRUE,1600,SLO,10,0.004367190334885196,0.008734380669770392,0.019188851179444404
FALSE,TRUE,1600,SRB,1,0.005689340639851492,0.011378681279702985,0.033594201873408815
FALSE,TRUE,1600,SRB,10,0.00114699594674339,0.00229399189348678,0.00790152763312113
FALSE,TRUE,1600,SRI,1,0.06038890249533069,0.12077780499066137,0.21394925455488586
FALSE,TRUE,1600,SRI,10,0.038981065638116985,0.07796213127623397,0.10741449198058903
FALSE,TRUE,1600,SUI,1,0.15474828132361562,0.30949656264723124,0.4361087928210986
FALSE,TRUE,1600,SUI,10,0.8054932190387327,0.38901356192253456,0.46382386229225275
FALSE,TRUE,1600,SVK,1,0.21407205225032244,0.4281441045006449,0.5165040891827256
FALSE,TRUE,1600,SVK,10,0.8288914433219957,0.3422171133560086,0.4160286476092653
FALSE,TRUE,1600,SWE,1,0.6947726381104655,0.610454723779069,0.6758605870411121
FALSE,TRUE,1600,SWE,10,0.11053646782449378,0.22107293564898756,0.27972493898443324
FALSE,TRUE,1600,TKM,1,4.902215162161383e-5,9.804430324322766e-5,0.0015196867002700287
FALSE,TRUE,1600,TKM,10,0.0024559300946551677,0.004911860189310335,0.013240666597271338
FALSE,TRUE,1600,TUR,1,0.5227486300493478,0.9545027399013044,0.9545027399013044
FALSE,TRUE,1600,TUR,10,0.00310309875659065,0.0062061975131813,0.015391369832689622
FALSE,TRUE,1600,UKR,1,0.012645500776019558,0.025291001552039116,0.058075633193571306
FALSE,TRUE,1600,UKR,10,3.6990590690511027e-7,7.398118138102205e-7,9.933573527209915e-6
FALSE,TRUE,1600,USA,1,0.008091247065559082,0.016182494131118164,0.041804776505388594
FALSE,TRUE,1600,USA,10,0.017982971978594442,0.035965943957188884,0.05868127698278186
FALSE,TRUE,1600,UZB,1,0.08751607747890433,0.17503215495780866,0.27129984018460346
FALSE,TRUE,1600,UZB,10,8.239649063546128e-4,0.0016479298127092257,0.0063857280242482495
FALSE,TRUE,1600,VEN,1,5.133032877403521e-4,0.0010266065754807041,0.00554750586944223
FALSE,TRUE,1600,VEN,10,0.0015146029482286938,0.0030292058964573876,0.00894336978954086
FALSE,TRUE,1600,VIE,1,7.869112695046976e-5,1.5738225390093952e-4,0.00195153994837165
FALSE,TRUE,1600,VIE,10,2.1236507470323573e-6,4.247301494064715e-6,3.761895609028748e-5
TRUE,FALSE,1000,ALG,1,0.021006934672598288,0.042013869345196575,0.06914782663063603
TRUE,FALSE,1000,ALG,10,2.680414904465689e-5,5.360829808931378e-5,1.411685183018596e-4
TRUE,FALSE,1000,ANG,1,4.1393893021868244e-4,8.278778604373649e-4,0.003114397665454849
TRUE,FALSE,1000,ANG,10,1.4902412637241014e-11,2.980482527448203e-11,5.8864529917102e-10
TRUE,FALSE,1000,ARG,1,0.05588516948872213,0.11177033897744426,0.14965858947827282
TRUE,FALSE,1000,ARG,10,0.12246748871867918,0.24493497743735837,0.27642661739359015
TRUE,FALSE,1000,ARM,1,0.002321193430116275,0.00464238686023255,0.013583280072532277
TRUE,FALSE,1000,ARM,10,0.04328124549472878,0.08656249098945756,0.10854661568519282
TRUE,FALSE,1000,AUS,1,0.11558836507331771,0.23117673014663542,0.26857296590565
TRUE,FALSE,1000,AUS,10,0.00684608786869878,0.01369217573739756,0.023514823549008856
TRUE,FALSE,1000,AUT,1,0.023176129017221325,0.04635225803444265,0.07323656769441939
TRUE,FALSE,1000,AUT,10,0.0022329876508134783,0.0044659753016269566,0.008204931368105338
TRUE,FALSE,1000,AZE,1,0.01641908631943001,0.03283817263886002,0.06313521413722889
TRUE,FALSE,1000,AZE,10,0.12646323718738828,0.25292647437477656,0.2775165482723243
TRUE,FALSE,1000,BAN,1,0.01841526057678733,0.03683052115357466,0.06612752661664541
TRUE,FALSE,1000,BAN,10,2.459219622819031e-5,4.918439245638062e-5,1.339850691053127e-4
TRUE,FALSE,1000,BEL,1,0.06376520518902895,0.1275304103780579,0.16249842612688023
TRUE,FALSE,1000,BEL,10,2.0427523067523268e-6,4.0855046135046535e-6,1.898558026275692e-5
TRUE,FALSE,1000,BIH,1,0.016782778441541857,0.033565556883083714,0.06313521413722889
TRUE,FALSE,1000,BIH,10,8.758265611419347e-6,1.7516531222838694e-5,5.7658581941844034e-5
TRUE,FALSE,1000,BLR,1,0.011122097789027507,0.022244195578055015,0.04881365140739851
TRUE,FALSE,1000,BLR,10,0.05892619268093946,0.11785238536187892,0.13691674181747698
TRUE,FALSE,1000,BOL,1,0.004296883286456166,0.008593766572912331,0.022630251975335806
TRUE,FALSE,1000,BOL,10,3.5377627349686414e-4,7.075525469937283e-4,0.001644019153308957
TRUE,FALSE,1000,BOT,1,1.0106106420604277e-5,2.0212212841208554e-5,1.5967648144554758e-4
TRUE,FALSE,1000,BOT,10,1.165014695825306e-7,2.330029391650612e-7,1.4159409380030643e-6
TRUE,FALSE,1000,BRA,1,2.2599825661684392e-4,4.5199651323368784e-4,0.0021004543850271376
TRUE,FALSE,1000,BRA,10,1.432187701766452e-14,2.864375403532904e-14,1.131428284395497e-12
TRUE,FALSE,1000,BUL,1,0.15955302943080218,0.31910605886160437,0.3501302590287048
TRUE,FALSE,1000,BUL,10,0.3855164137444105,0.771032827488821,0.7910596541768423
TRUE,FALSE,1000,CAN,1,0.05330327812422275,0.1066065562484455,0.14520548178667578
TRUE,FALSE,1000,CAN,10,9.770480850811447e-4,0.0019540961701622894,0.004288155484522802
TRUE,FALSE,1000,CHI,1,2.5135715349122734e-6,5.027143069824547e-6,5.673490035944846e-5
TRUE,FALSE,1000,CHI,10,4.140281984810201e-6,8.280563969620403e-6,3.109500466084865e-5
TRUE,FALSE,1000,CHN,1,0.07228100426402595,0.1445620085280519,0.17844372927681407
TRUE,FALSE,1000,CHN,10,0.0015230547215575596,0.0030461094431151192,0.006016066150152361
TRUE,FALSE,1000,COL,1,7.053119551592157e-5,1.4106239103184315e-4,8.572252993473545e-4
TRUE,FALSE,1000,COL,10,3.8254539630400153e-4,7.650907926080031e-4,0.0017269192176009212
TRUE,FALSE,1000,CRC,1,0.013153553018862452,0.026307106037724903,0.05616922640487209
TRUE,FALSE,1000,CRC,10,0.020552739888400007,0.041105479776800014,0.0569707526731088
TRUE,FALSE,1000,CRO,1,9.693881678125571e-4,0.0019387763356251142,0.006381805438099334
TRUE,FALSE,1000,CRO,10,0.0010248754904758073,0.0020497509809516146,0.004376495337707501
TRUE,FALSE,1000,CUB,1,7.0857387073353095e-6,1.4171477414670619e-5,1.2439407952877544e-4
TRUE,FALSE,1000,CUB,10,2.0187449489839082e-9,4.0374898979678164e-9,5.316028365657625e-8
TRUE,FALSE,1000,CZE,1,2.5263048192503135e-4,5.052609638500627e-4,0.002217534230230831
TRUE,FALSE,1000,CZE,10,0.0018514848789668026,0.003702969757933605,0.007014300180971853
TRUE,FALSE,1000,DEN,1,0.06191426462180427,0.12382852924360854,0.16036809524991927
TRUE,FALSE,1000,DEN,10,0.5445691113354263,0.9108617773291474,0.9108617773291474
TRUE,FALSE,1000,DOM,1,1.9958675286924077e-6,3.991735057384815e-6,5.25578449222334e-5
TRUE,FALSE,1000,DOM,10,2.4068065496152258e-6,4.8136130992304516e-6,1.9013771741960284e-5
TRUE,FALSE,1000,ECU,1,0.02257069115593946,0.04514138231187892,0.07277896331915172
TRUE,FALSE,1000,ECU,10,0.0105217473203576,0.0210434946407152,0.03463408492951043
TRUE,FALSE,1000,EGY,1,0.020940075799213753,0.041880151598427506,0.06914782663063603
TRUE,FALSE,1000,EGY,10,2.4439126944386658e-8,4.8878253888773315e-8,3.861382057213092e-7
TRUE,FALSE,1000,ENG,1,0.11379492136630454,0.22758984273260907,0.2683522026250167
TRUE,FALSE,1000,ENG,10,7.7096230431839e-5,1.54192460863678e-4,3.8066263775720505e-4
TRUE,FALSE,1000,ESP,1,0.010514548313304894,0.02102909662660979,0.04746567524291924
TRUE,FALSE,1000,ESP,10,5.076944709081488e-8,1.0153889418162976e-7,7.29233876395341e-7
TRUE,FALSE,1000,EST,1,0.02435306764438483,0.04870613528876966,0.07544675858456477
TRUE,FALSE,1000,EST,10,0.03382250226534411,0.06764500453068822,0.0876996721739687
TRUE,FALSE,1000,FRA,1,0.014233228062673242,0.028466456125346484,0.05918026405006243
TRUE,FALSE,1000,FRA,10,2.364646678354454e-6,4.729293356708908e-6,1.9013771741960284e-5
TRUE,FALSE,1000,GEO,1,0.020658043202813503,0.041316086405627006,0.06914782663063603
TRUE,FALSE,1000,GEO,10,0.05825827263514105,0.1165165452702821,0.13691674181747698
TRUE,FALSE,1000,GER,1,0.009961361377467615,0.01992272275493523,0.046291032283525976
TRUE,FALSE,1000,GER,10,6.956304993144258e-7,1.3912609986288516e-6,6.8693511807299545e-6
TRUE,FALSE,1000,GRE,1,0.028968072958861613,0.057936145917723225,0.08475843569444694
TRUE,FALSE,1000,GRE,10,7.473883401054593e-9,1.4947766802109186e-8,1.3120817526295843e-7
TRUE,FALSE,1000,HUN,1,0.01982050408219016,0.03964100816438032,0.06914782663063603
TRUE,FALSE,1000,HUN,10,0.01432943744210935,0.0286588748842187,0.04439315913437799
TRUE,FALSE,1000,INA,1,0.44114234761101745,0.8822846952220349,0.91711172266501
TRUE,FALSE,1000,INA,10,0.0010750900303954092,0.0021501800607908184,0.004470111179012491
TRUE,FALSE,1000,IND,1,0.10240755743955943,0.20481511487911885,0.24515748599167259
TRUE,FALSE,1000,IND,10,0.0185163639672441,0.0370327279344882,0.05319246376044668
TRUE,FALSE,1000,IRI,1,0.47453724795510366,0.9490744959102073,0.9528786344210367
TRUE,FALSE,1000,IRI,10,0.22419879488186556,0.4483975897637311,0.4723121278844634
TRUE,FALSE,1000,IRQ,1,3.532291523136166e-4,7.064583046272332e-4,0.0027905103032775714
TRUE,FALSE,1000,IRQ,10,1.902212750548582e-5,3.804425501097164e-5,1.0733914806666999e-4
TRUE,FALSE,1000,ISR,1,0.015289934569410635,0.03057986913882127,0.06039524154917201
TRUE,FALSE,1000,ISR,10,0.04566551952933895,0.0913310390586779,0.11273675133805552
TRUE,FALSE,1000,ITA,1,0.13970572750083543,0.27941145500167086,0.31089443584692955
TRUE,FALSE,1000,ITA,10,4.3296841932827235e-6,8.659368386565447e-6,3.109500466084865e-5
TRUE,FALSE,1000,JOR,1,0.1254024729350356,0.2508049458700712,0.28715348874979163
TRUE,FALSE,1000,JOR,10,0.001864560807600113,0.003729121615200226,0.007014300180971853
TRUE,FALSE,1000,KAZ,1,0.4676952693836346,0.9353905387672692,0.9528786344210367
TRUE,FALSE,1000,KAZ,10,0.18748241359012408,0.37496482718024815,0.40030028847621085
TRUE,FALSE,1000,KEN,1,2.8996862022623304e-7,5.799372404524661e-7,1.5271680665248272e-5
TRUE,FALSE,1000,KEN,10,3.146489069294489e-9,6.292978138588978e-9,7.102075327836133e-8
TRUE,FALSE,1000,KGZ,1,0.02518672696138391,0.05037345392276782,0.07652890115189726
TRUE,FALSE,1000,KGZ,10,0.01934823752485426,0.03869647504970852,0.05458967015941024
TRUE,FALSE,1000,KOR,1,0.17388761316826007,0.34777522633652014,0.3763594915148643
TRUE,FALSE,1000,KOR,10,9.626323893341393e-6,1.9252647786682786e-5,5.890252381053511e-5
TRUE,FALSE,1000,LAT,1,0.007389595493968781,0.014779190987937563,0.03648612775147086
TRUE,FALSE,1000,LAT,10,0.05662487444524866,0.11324974889049733,0.13555651761135287
TRUE,FALSE,1000,LTU,1,1,0,0
TRUE,FALSE,1000,LTU,10,0.023959918346015407,0.047919836692030815,0.06527012239086956
TRUE,FALSE,1000,MAS,1,0.005281894753414007,0.010563789506828014,0.026920624872239132
TRUE,FALSE,1000,MAS,10,0.05126120423710667,0.10252240847421334,0.12460415799173621
TRUE,FALSE,1000,MDA,1,0.002703589530223094,0.005407179060446188,0.015255969491973173
TRUE,FALSE,1000,MDA,10,0.011849246582862905,0.02369849316572581,0.03820777469576202
TRUE,FALSE,1000,MEX,1,2.0657625998599105e-4,4.131525199719821e-4,0.0021004543850271376
TRUE,FALSE,1000,MEX,10,4.330383385209302e-9,8.660766770418604e-9,8.552507185788372e-8
TRUE,FALSE,1000,MGL,1,0.061461746268734796,0.12292349253746959,0.16036809524991927
TRUE,FALSE,1000,MGL,10,0.008222867572347248,0.016445735144694495,0.027642831413422664
TRUE,FALSE,1000,NED,1,0.036017257770014965,0.07203451554002993,0.10162012013682795
TRUE,FALSE,1000,NED,10,0.2573182709214571,0.5146365418429142,0.5349511421788187
TRUE,FALSE,1000,NEP,1,1.8958449619077555e-6,3.791689923815511e-6,5.25578449222334e-5
TRUE,FALSE,1000,NEP,10,1.5159635324835108e-7,3.0319270649670216e-7,1.7108731295171052e-6
TRUE,FALSE,1000,NOR,1,0.017800894128185085,0.03560178825637017,0.06540793656402892
TRUE,FALSE,1000,NOR,10,0.157572905933422,0.315145811866844,0.341048207362749
TRUE,FALSE,1000,PER,1,0.07362641041616835,0.1472528208323367,0.17896881301160922
TRUE,FALSE,1000,PER,10,1.5238903965153483e-5,3.0477807930306966e-5,8.917580838867594e-5
TRUE,FALSE,1000,PHI,1,9.672290280926532e-7,1.9344580561853064e-6,3.82055466096598e-5
TRUE,FALSE,1000,PHI,10,8.260094269352258e-6,1.6520188538704517e-5,5.6743256285115514e-5
TRUE,FALSE,1000,POL,1,3.3909721265601434e-5,6.781944253120287e-5,4.464779966637522e-4
TRUE,FALSE,1000,POL,10,9.692820373885525e-6,1.938564074777105e-5,5.890252381053511e-5
TRUE,FALSE,1000,POR,1,0.028551880988218703,0.057103761976437406,0.08475843569444694
TRUE,FALSE,1000,POR,10,0.003982669691702134,0.007965339383404269,0.013983595806420827
TRUE,FALSE,1000,ROU,1,0.031409881031932096,0.06281976206386419,0.09023202187355038
TRUE,FALSE,1000,ROU,10,0.03669432018650631,0.07338864037301263,0.09351133208819351
TRUE,FALSE,1000,RSA,1,7.089527565748988e-4,0.0014179055131497975,0.004870197197340609
TRUE,FALSE,1000,RSA,10,2.3593550720901746e-6,4.718710144180349e-6,1.9013771741960284e-5
TRUE,FALSE,1000,RUS,1,4.012511477968772e-6,8.025022955937544e-6,7.924710168988325e-5
TRUE,FALSE,1000,RUS,10,1.05861763799453e-10,2.11723527598906e-10,3.345231736062715e-9
TRUE,FALSE,1000,SGP,1,0.47643931721051835,0.9528786344210367,0.9528786344210367
TRUE,FALSE,1000,SGP,10,0.12616820093812364,0.2523364018762473,0.2775165482723243
TRUE,FALSE,1000,SLO,1,0.015282464119250161,0.030564928238500322,0.06039524154917201
TRUE,FALSE,1000,SLO,10,0.08173331541123019,0.16346663082246038,0.18715744688368652
TRUE,FALSE,1000,SRB,1,0.003720348425436115,0.00744069685087223,0.02026948452478987
TRUE,FALSE,1000,SRB,10,0.01603867642746315,0.0320773528549263,0.04695681441578059
TRUE,FALSE,1000,SRI,1,3.3716134097017125e-4,6.743226819403425e-4,0.0027905103032775714
TRUE,FALSE,1000,SRI,10,1.1160797308562564e-7,2.232159461712513e-7,1.4159409380030643e-6
TRUE,FALSE,1000,SUI,1,0.04952505177843447,0.09905010355686894,0.1372799680875903
TRUE,FALSE,1000,SUI,10,0.002950997719486037,0.005901995438972074,0.010596764538154406
TRUE,FALSE,1000,SVK,1,0.13281083974563102,0.26562167949126203,0.29977303828299573
TRUE,FALSE,1000,SVK,10,0.5989897617967596,0.8020204764064809,0.8123027902065639
TRUE,FALSE,1000,SWE,1,0.605035990781047,0.789928018437906,0.8320575127545943
TRUE,FALSE,1000,SWE,10,0.02610121296150847,0.05220242592301694,0.06989816352403963
TRUE,FALSE,1000,THA,1,1.650870687763817e-5,3.301741375527634e-5,2.3712506242425734e-4
TRUE,FALSE,1000,THA,10,0.001324549013997589,0.002649098027995178,0.005366121646451771
TRUE,FALSE,1000,TUR,1,0.2248037038585614,0.4496074077171228,0.4799862866169284
TRUE,FALSE,1000,TUR,10,3.0684109614376176e-5,6.136821922875235e-5,1.5638997803456243e-4
TRUE,FALSE,1000,UAE,1,5.603702418255363e-4,0.0011207404836510726,0.004024477191292488
TRUE,FALSE,1000,UAE,10,0.01591717003492421,0.03183434006984842,0.04695681441578059
TRUE,FALSE,1000,UKR,1,0.009053669133640696,0.018107338267281392,0.04334787039743121
TRUE,FALSE,1000,UKR,10,4.4193513015766683e-7,8.838702603153337e-7,4.655050037660757e-6
TRUE,FALSE,1000,USA,1,0.0011555348378360364,0.0023110696756720728,0.00730298017512375
TRUE,FALSE,1000,USA,10,0.03385873419374741,0.06771746838749482,0.0876996721739687
TRUE,FALSE,1000,UZB,1,0.06526108061226343,0.13052216122452687,0.1636706466148829
TRUE,FALSE,1000,UZB,10,0.016048531509190833,0.032097063018381666,0.04695681441578059
TRUE,FALSE,1000,VEN,1,9.553780090143515e-5,1.910756018028703e-4,0.0010782123244590539
TRUE,FALSE,1000,VEN,10,1.8256090573709471e-4,3.6512181147418943e-4,8.740794880745747e-4
TRUE,FALSE,1000,VIE,1,0.0021094358851699857,0.004218871770339971,0.012818879609879144
TRUE,FALSE,1000,VIE,10,0.012292388614922878,0.024584777229845756,0.03884394802315629
TRUE,FALSE,1000,ZAM,1,2.2360230109408352e-4,4.4720460218816704e-4,0.0021004543850271376
TRUE,FALSE,1000,ZAM,10,0,0,0
TRUE,FALSE,1000,ZIM,1,5.802423541645396e-9,1.1604847083290792e-8,4.583914597899863e-7
TRUE,FALSE,1000,ZIM,10,6.938893903907228e-14,1.3877787807814457e-13,3.654484122724473e-12
TRUE,FALSE,1400,ARG,1,0.10454967639469992,0.20909935278939984,0.2957990844337851
TRUE,FALSE,1400,ARG,10,0.38642280225652315,0.7728456045130463,0.815000819304667
TRUE,FALSE,1400,ARM,1,0.0038245955980110713,0.007649191196022143,0.031689506383520305
TRUE,FALSE,1400,ARM,10,0.08331308293805273,0.16662616587610546,0.29762721925324204
TRUE,FALSE,1400,AUS,1,0.2881803992664346,0.5763607985328691,0.6307344587718191
TRUE,FALSE,1400,AUS,10,0.36657618767762945,0.7331523753552589,0.7874599587149078
TRUE,FALSE,1400,AUT,1,0.05400729053004072,0.10801458106008144,0.20209179682208783
TRUE,FALSE,1400,AUT,10,0.035680172630538354,0.07136034526107671,0.16015148347732308
TRUE,FALSE,1400,AZE,1,0.023603783044620408,0.047207566089240816,0.1244563105989076
TRUE,FALSE,1400,AZE,10,0.2085410335579737,0.4170820671159474,0.5244530567533588
TRUE,FALSE,1400,BEL,1,0.15134793749656195,0.3026958749931239,0.381660016295678
TRUE,FALSE,1400,BEL,10,0.0017367155066880802,0.0034734310133761603,0.015496846059678254
TRUE,FALSE,1400,BLR,1,0.026237627500061977,0.052475255000123955,0.13205584961679312
TRUE,FALSE,1400,BLR,10,0.2232960155807172,0.4465920311614344,0.5286191389257795
TRUE,FALSE,1400,BOL,1,0.03557841834420439,0.07115683668840878,0.15285542696028553
TRUE,FALSE,1400,BOL,10,0.06594353493485261,0.13188706986970522,0.2555141976023326
TRUE,FALSE,1400,BRA,1,0.004128196286462993,0.008256392572925986,0.031924717948647145
TRUE,FALSE,1400,BRA,10,6.603307867170116e-8,1.3206615734340232e-7,3.829918562958667e-6
TRUE,FALSE,1400,BUL,1,0.18341367982242884,0.3668273596448577,0.44324972623753633
TRUE,FALSE,1400,BUL,10,0.4928855868814248,0.9857711737628496,0.9857711737628496
TRUE,FALSE,1400,CAN,1,0.14701056358914655,0.2940211271782931,0.37896056391868893
TRUE,FALSE,1400,CAN,10,0.09659309069126965,0.1931861813825393,0.31963674658972463
TRUE,FALSE,1400,CHI,1,5.085299540281696e-4,0.0010170599080563392,0.009831579111211278
TRUE,FALSE,1400,CHI,10,0.018830018956117356,0.03766003791223471,0.10921410994548066
TRUE,FALSE,1400,CHN,1,0.09520462699828214,0.19040925399656428,0.2831727367128392
TRUE,FALSE,1400,CHN,10,0.00582620886743257,0.01165241773486514,0.04224001428888613
TRUE,FALSE,1400,COL,1,6.734293228657373e-4,0.0013468586457314746,0.011159685921775077
TRUE,FALSE,1400,COL,10,0.01266927164987619,0.02533854329975238,0.07734923744134937
TRUE,FALSE,1400,CRO,1,0.006358844947598641,0.012717689895197282,0.04338976552479072
TRUE,FALSE,1400,CRO,10,0.037276638395583817,0.07455327679116763,0.16015148347732308
TRUE,FALSE,1400,CUB,1,1.8639108217088918e-5,3.7278216434177835e-5,7.207121843941048e-4
TRUE,FALSE,1400,CUB,10,2.609816396326181e-8,5.219632792652362e-8,3.02738701973837e-6
TRUE,FALSE,1400,CZE,1,0.0023225772568991054,0.004645154513798211,0.026266522075706424
TRUE,FALSE,1400,CZE,10,0.04828042823231271,0.09656085646462542,0.2000189169624384
TRUE,FALSE,1400,DEN,1,0.1095112844805366,0.2190225689610732,0.3024597380891011
TRUE,FALSE,1400,DEN,10,0.8159707174246736,0.3680585651506527,0.4964510878776246
TRUE,FALSE,1400,ECU,1,0.053174008932991956,0.10634801786598391,0.20209179682208783
TRUE,FALSE,1400,ECU,10,0.08466981237376714,0.16933962474753428,0.29762721925324204
TRUE,FALSE,1400,EGY,1,0.08244113209516823,0.16488226419033647,0.2584640898118788
TRUE,FALSE,1400,EGY,10,3.0785768110275225e-4,6.157153622055045e-4,0.003571149100791926
TRUE,FALSE,1400,ENG,1,0.18071523905430242,0.36143047810860485,0.44324972623753633
TRUE,FALSE,1400,ENG,10,0.003006728558748173,0.006013457117496346,0.024912893772484863
TRUE,FALSE,1400,ESP,1,0.06323092498463612,0.12646184996927223,0.21572903818287614
TRUE,FALSE,1400,ESP,10,0.001308023262687974,0.002616046525375948,0.01379369986107318
TRUE,FALSE,1400,FRA,1,0.06128935532059321,0.12257871064118642,0.2154413702178428
TRUE,FALSE,1400,FRA,10,0.00325909729943874,0.00651819459887748,0.025203685782326256
TRUE,FALSE,1400,GEO,1,0.028208605965010514,0.05641721193002103,0.13205584961679312
TRUE,FALSE,1400,GEO,10,0.10020499630550705,0.2004099926110141,0.31963674658972463
TRUE,FALSE,1400,GER,1,0.021743505347695646,0.04348701069539129,0.12010698192060452
TRUE,FALSE,1400,GER,10,3.9160681908012585e-5,7.832136381602517e-5,5.678298876661825e-4
TRUE,FALSE,1400,GRE,1,0.09991450320068707,0.19982900640137413,0.2897520592819925
TRUE,FALSE,1400,GRE,10,1.2431946903168622e-4,2.4863893806337245e-4,0.001602339823075067
TRUE,FALSE,1400,HUN,1,0.049895244885445944,0.09979048977089189,0.19958097954178378
TRUE,FALSE,1400,HUN,10,0.11931999611839605,0.2386399922367921,0.34602798874334856
TRUE,FALSE,1400,INA,1,0.4889658752463,0.9779317504926,0.9779317504926
TRUE,FALSE,1400,INA,10,0.006269905909102369,0.012539811818204738,0.04278288737975734
TRUE,FALSE,1400,IND,1,0.20429817061273092,0.40859634122546185,0.4836446487974854
TRUE,FALSE,1400,IND,10,0.21601047901211468,0.43202095802422935,0.5244530567533588
TRUE,FALSE,1400,IRI,1,0.6267299016284571,0.7465401967430858,0.7732023466267675
TRUE,FALSE,1400,IRI,10,0.765773070308729,0.468453859382542,0.5434064768837488
TRUE,FALSE,1400,ISR,1,0.03742772013148543,0.07485544026297086,0.1550576976875825
TRUE,FALSE,1400,ISR,10,0.21701505796690712,0.43403011593381424,0.5244530567533588
TRUE,FALSE,1400,ITA,1,0.32345271679335996,0.6469054335867199,0.6948243545931437
TRUE,FALSE,1400,ITA,10,0.019842527634588714,0.03968505526917743,0.1096063431243948
TRUE,FALSE,1400,KAZ,1,0.5199161586129069,0.9601676827741863,0.9770127298404001
TRUE,FALSE,1400,KAZ,10,0.34809022291470126,0.6961804458294025,0.7765089588097183
TRUE,FALSE,1400,LAT,1,0.011609569268039244,0.023219138536078487,0.07087947553118697
TRUE,FALSE,1400,LAT,10,0.11048903096079687,0.22097806192159375,0.33728230503822204
TRUE,FALSE,1400,LTU,1,1,0,0
TRUE,FALSE,1400,LTU,10,0.0994879028288912,0.1989758056577824,0.31963674658972463
TRUE,FALSE,1400,MAS,1,0.06523841577435685,0.1304768315487137,0.2162187494235827
TRUE,FALSE,1400,MAS,10,0.7503114365792015,0.49937712684159696,0.5679190854276985
TRUE,FALSE,1400,MDA,1,0.004561374130552687,0.009122748261105373,0.03306996244650698
TRUE,FALSE,1400,MDA,10,0.023816769974187246,0.04763353994837449,0.1255793325911691
TRUE,FALSE,1400,MEX,1,8.116671447525592e-4,0.0016233342895051184,0.011769173598912108
TRUE,FALSE,1400,MEX,10,5.021626359180686e-7,1.0043252718361373e-6,1.9416955255498653e-5
TRUE,FALSE,1400,MGL,1,0.08532176794261814,0.17064353588523629,0.2604559231932554
TRUE,FALSE,1400,MGL,10,0.02631572113859304,0.05263144227718608,0.1327227674815997
TRUE,FALSE,1400,NED,1,0.05921199362475382,0.11842398724950765,0.21464347688973262
TRUE,FALSE,1400,NED,10,0.4587383590902735,0.917476718180547,0.9363802160683723
TRUE,FALSE,1400,NOR,1,0.034332505310245454,0.06866501062049091,0.15285542696028553
TRUE,FALSE,1400,NOR,10,0.36169279650272557,0.7233855930054511,0.7874599587149078
TRUE,FALSE,1400,PER,1,0.25938461369222654,0.5187692273844531,0.5873000244539653
TRUE,FALSE,1400,PER,10,0.06608125800060327,0.13216251600120654,0.2555141976023326
TRUE,FALSE,1400,PHI,1,2.0055310205879806e-6,4.011062041175961e-6,1.1632079919410288e-4
TRUE,FALSE,1400,PHI,10,2.2544682210967615e-5,4.508936442193523e-5,4.6571484500771787e-4
TRUE,FALSE,1400,POL,1,5.033240205696288e-4,0.0010066480411392575,0.009831579111211278
TRUE,FALSE,1400,POL,10,0.0016692100350933492,0.0033384200701866984,0.015496846059678254
TRUE,FALSE,1400,ROU,1,0.071269758481873,0.142539516963746,0.2296469995527019
TRUE,FALSE,1400,ROU,10,0.20816307555450952,0.41632615110901905,0.5244530567533588
TRUE,FALSE,1400,RUS,1,1.1342127464986085e-4,2.268425492997217e-4,0.0032892169648459646
TRUE,FALSE,1400,RUS,10,1.0417102408455392e-6,2.0834204816910784e-6,3.0209596984520637e-5
TRUE,FALSE,1400,SLO,1,0.028460312417412315,0.05692062483482463,0.13205584961679312
TRUE,FALSE,1400,SLO,10,0.21419678939786846,0.4283935787957369,0.5244530567533588
TRUE,FALSE,1400,SRB,1,0.009734458672613688,0.019468917345227377,0.06273317811239933
TRUE,FALSE,1400,SRB,10,0.07786118974639433,0.15572237949278867,0.29135154872844327
TRUE,FALSE,1400,SRI,1,0.0024907908864894024,0.004981581772978805,0.026266522075706424
TRUE,FALSE,1400,SRI,10,2.4088698879709547e-5,4.8177397759419094e-5,4.6571484500771787e-4
TRUE,FALSE,1400,SUI,1,0.12286865536490765,0.2457373107298153,0.3314596284262625
TRUE,FALSE,1400,SUI,10,0.1019531002053432,0.2039062004106864,0.31963674658972463
TRUE,FALSE,1400,SVK,1,0.2291823100109991,0.4583646200219982,0.5317029592255178
TRUE,FALSE,1400,SVK,10,0.8849848464426135,0.2300303071147729,0.3420963541706879
TRUE,FALSE,1400,SWE,1,0.7367275752447742,0.5265448495104517,0.5873000244539653
TRUE,FALSE,1400,SWE,10,0.4601178647922174,0.9202357295844348,0.9363802160683723
TRUE,FALSE,1400,TUR,1,0.3596597615222874,0.7193195230445748,0.7585551333924606
TRUE,FALSE,1400,TUR,10,0.007272205479496363,0.014544410958992726,0.04686532420119879
TRUE,FALSE,1400,UKR,1,0.02073613999693602,0.04147227999387204,0.12010698192060452
TRUE,FALSE,1400,UKR,10,2.997960553585699e-5,5.995921107171398e-5,4.968048917370588e-4
TRUE,FALSE,1400,USA,1,0.0035629882279704095,0.007125976455940819,0.031689506383520305
TRUE,FALSE,1400,USA,10,0.12500796649841783,0.25001593299683567,0.35368107594674314
TRUE,FALSE,1400,UZB,1,0.1346666241982799,0.2693332483965598,0.35503019106819245
TRUE,FALSE,1400,UZB,10,0.16142066901886054,0.3228413380377211,0.4458285144330434
TRUE,FALSE,1400,VEN,1,0.0022886261710296507,0.004577252342059301,0.026266522075706424
TRUE,FALSE,1400,VEN,10,0.03690144402608719,0.07380288805217439,0.16015148347732308
TRUE,FALSE,1400,VIE,1,0.003685233378201258,0.007370466756402516,0.031689506383520305
TRUE,FALSE,1400,VIE,10,0.02943868877565503,0.05887737755131006,0.1422869957489993
TRUE,FALSE,1600,ARG,1,0.0943520487355205,0.188704097471041,0.2980232774293662
TRUE,FALSE,1600,ARG,10,0.328692342981569,0.657384685963138,0.7527197671604036
TRUE,FALSE,1600,ARM,1,0.008086101084834763,0.016172202169669525,0.06615900887592079
TRUE,FALSE,1600,ARM,10,0.21065485616557844,0.4213097123311569,0.5576157957324135
TRUE,FALSE,1600,AUT,1,0.07784850165680635,0.1556970033136127,0.28025460596450286
TRUE,FALSE,1600,AUT,10,0.09765688848009613,0.19531377696019225,0.3601192136286659
TRUE,FALSE,1600,AZE,1,0.027673888714521255,0.05534777742904251,0.1310868412793112
TRUE,FALSE,1600,AZE,10,0.2599134509811739,0.5198269019623478,0.6322219077920447
TRUE,FALSE,1600,BEL,1,0.24464602375190947,0.48929204750381894,0.5794247930966276
TRUE,FALSE,1600,BEL,10,0.039018374771750075,0.07803674954350015,0.1848238804977635
TRUE,FALSE,1600,BRA,1,0.01890952558273018,0.03781905116546036,0.10010925308504212
TRUE,FALSE,1600,BRA,10,7.425265658700386e-5,1.4850531317400772e-4,0.002227579697610116
TRUE,FALSE,1600,BUL,1,0.20688225335088473,0.41376450670176945,0.5172056333772118
TRUE,FALSE,1600,BUL,10,0.5959693094852496,0.8080613810295008,0.8080613810295008
TRUE,FALSE,1600,CHI,1,4.473226263453922e-4,8.946452526907844e-4,0.00805180727421706
TRUE,FALSE,1600,CHI,10,0.01345648280110845,0.0269129656022169,0.08650596086426861
TRUE,FALSE,1600,CHN,1,0.09128038903706248,0.18256077807412496,0.2980232774293662
TRUE,FALSE,1600,CHN,10,0.003984123870650058,0.007968247741300116,0.03585711483585052
TRUE,FALSE,1600,COL,1,0.0014128359467959761,0.0028256718935919523,0.01816503360166255
TRUE,FALSE,1600,COL,10,0.03469349551281031,0.06938699102562063,0.18367144683252518
TRUE,FALSE,1600,CRO,1,0.012614490719030536,0.02522898143806107,0.08109315462233917
TRUE,FALSE,1600,CRO,10,0.10987470877394578,0.21974941754789157,0.36624902924648595
TRUE,FALSE,1600,CUB,1,1.2051397940071595e-4,2.410279588014319e-4,0.0036154193820214786
TRUE,FALSE,1600,CUB,10,3.1596470808636923e-6,6.3192941617273846e-6,2.843682372777323e-4
TRUE,FALSE,1600,CZE,1,0.005468333829206973,0.010936667658413946,0.049215004462862755
TRUE,FALSE,1600,CZE,10,0.135693993226483,0.271387986452966,0.40708197967944904
TRUE,FALSE,1600,ENG,1,0.2694717414221389,0.5389434828442778,0.6218578648203206
TRUE,FALSE,1600,ENG,10,0.04563065391076493,0.09126130782152986,0.1866708569076747
TRUE,FALSE,1600,ESP,1,0.0992358641824741,0.1984717283649482,0.2980232774293662
TRUE,FALSE,1600,ESP,10,0.010826193183764987,0.021652386367529974,0.0811964488782374
TRUE,FALSE,1600,FRA,1,0.10445350395402175,0.2089070079080435,0.30325210825361154
TRUE,FALSE,1600,FRA,10,0.02911460754240902,0.05822921508481804,0.16376966742605076
TRUE,FALSE,1600,GEO,1,0.018127235882728465,0.03625447176545693,0.10010925308504212
TRUE,FALSE,1600,GEO,10,0.03890963850989637,0.07781927701979274,0.1848238804977635
TRUE,FALSE,1600,GER,1,0.04425235099837088,0.08850470199674176,0.18103234499333543
TRUE,FALSE,1600,GER,10,0.0011364510781054493,0.0022729021562108986,0.014611513861355778
TRUE,FALSE,1600,GRE,1,0.1518817476057539,0.3037634952115078,0.402039920132878
TRUE,FALSE,1600,GRE,10,0.0021287433909188413,0.004257486781837683,0.023948363147836965
TRUE,FALSE,1600,HUN,1,0.06494280075018188,0.12988560150036377,0.24353550281318206
TRUE,FALSE,1600,HUN,10,0.19689819643928075,0.3937963928785615,0.5369950811980384
TRUE,FALSE,1600,INA,1,0.48680202604918077,0.9736040520983615,0.9736040520983615
TRUE,FALSE,1600,INA,10,0.005253922222374086,0.010507844444748171,0.04298663636487888
TRUE,FALSE,1600,IND,1,0.1664112220516416,0.3328224441032832,0.42791457098993557
TRUE,FALSE,1600,IND,10,0.10974822730585243,0.21949645461170486,0.36624902924648595
TRUE,FALSE,1600,IRI,1,0.6899251006051185,0.6201497987897631,0.6806522181838863
TRUE,FALSE,1600,IRI,10,0.9225057973551348,0.15498840528973035,0.3032381842625159
TRUE,FALSE,1600,ISR,1,0.054023962203174625,0.10804792440634925,0.21139811296894417
TRUE,FALSE,1600,ISR,10,0.3675480361255864,0.7350960722511728,0.7692865872395995
TRUE,FALSE,1600,ITA,1,0.41352024825038536,0.8270404965007707,0.8655074963380159
TRUE,FALSE,1600,ITA,10,0.12522964981442297,0.25045929962884594,0.38864374080338165
TRUE,FALSE,1600,KAZ,1,0.5253738672779931,0.9492522654440139,0.9708261805677414
TRUE,FALSE,1600,KAZ,10,0.36333080219815106,0.7266616043963021,0.7692865872395995
TRUE,FALSE,1600,LAT,1,0.011046850175645884,0.022093700351291767,0.07647819352370228
TRUE,FALSE,1600,LAT,10,0.10003311489685163,0.20006622979370325,0.3601192136286659
TRUE,FALSE,1600,LTU,1,1,0,0
TRUE,FALSE,1600,LTU,10,0.12209756171413566,0.24419512342827132,0.38864374080338165
TRUE,FALSE,1600,MEX,1,0.004442375159435241,0.008884750318870482,0.04442375159435241
TRUE,FALSE,1600,MEX,10,1.3775239206748058e-4,2.7550478413496116e-4,0.003099428821518313
TRUE,FALSE,1600,MGL,1,0.0993410924764554,0.1986821849529108,0.2980232774293662
TRUE,FALSE,1600,MGL,10,0.04241053357404212,0.08482106714808424,0.1866708569076747
TRUE,FALSE,1600,NED,1,0.11379430811434477,0.22758861622868953,0.32004649157159465
TRUE,FALSE,1600,NED,10,0.7697479573503461,0.46050408529930786,0.5920766810991102
TRUE,FALSE,1600,NOR,1,0.024581149107966827,0.04916229821593365,0.12290574553983413
TRUE,FALSE,1600,NOR,10,0.24561797268105245,0.4912359453621049,0.6140449317026311
TRUE,FALSE,1600,PHI,1,2.2233701443274967e-5,4.4467402886549934e-5,0.0010005165649473735
TRUE,FALSE,1600,PHI,10,7.282456232493573e-4,0.0014564912464987145,0.010923684348740359
TRUE,FALSE,1600,POL,1,6.946567490849764e-4,0.0013893134981699529,0.010419851236274646
TRUE,FALSE,1600,POL,10,0.0028350845218655385,0.005670169043731077,0.028350845218655385
TRUE,FALSE,1600,ROU,1,0.08485461656294135,0.1697092331258827,0.2937275188717201
TRUE,FALSE,1600,ROU,10,0.2823996438494898,0.5647992876989796,0.6688412617487915
TRUE,FALSE,1600,RUS,1,3.6266689191377655e-4,7.253337838275531e-4,0.00805180727421706
TRUE,FALSE,1600,RUS,10,2.0148334268776935e-5,4.029666853755387e-5,9.066750420949621e-4
TRUE,FALSE,1600,SLO,1,0.03965431281359211,0.07930862562718421,0.16994705491539475
TRUE,FALSE,1600,SLO,10,0.33454211873795714,0.6690842374759143,0.7527197671604036
TRUE,FALSE,1600,SRB,1,0.018477224125280634,0.03695444825056127,0.10010925308504212
TRUE,FALSE,1600,SRB,10,0.18988061625012298,0.37976123250024596,0.5340392332034709
TRUE,FALSE,1600,SVK,1,0.2864195628720263,0.5728391257440526,0.6444440164620592
TRUE,FALSE,1600,SVK,10,0.9544126960718836,0.09117460785623277,0.1866708569076747
TRUE,FALSE,1600,SWE,1,0.7616932437744549,0.4766135124510902,0.5794247930966276
TRUE,FALSE,1600,SWE,10,0.6204346499558684,0.7591307000882632,0.7763836705448146
TRUE,FALSE,1600,TUR,1,0.38470218684899316,0.7694043736979863,0.8243618289621282
TRUE,FALSE,1600,TUR,10,0.012057296879218193,0.024114593758436387,0.08347359377920288
TRUE,FALSE,1600,UKR,1,0.03649949035623479,0.07299898071246957,0.16424770660305654
TRUE,FALSE,1600,UKR,10,4.09178338991123e-4,8.18356677982246e-4,0.007365210101840214
TRUE,FALSE,1600,USA,1,0.010962643977055597,0.021925287954111194,0.07647819352370228
TRUE,FALSE,1600,USA,10,0.35516165838052405,0.7103233167610481,0.7692865872395995
TRUE,FALSE,1600,UZB,1,0.14440350661781076,0.2888070132356215,0.39382774532130205
TRUE,FALSE,1600,UZB,10,0.18314204470637452,0.36628408941274904,0.5317027104378615
TRUE,FALSE,1600,VIE,1,0.003339348675017062,0.006678697350034124,0.03756767259394195
TRUE,FALSE,1600,VIE,10,0.023358136934118146,0.04671627386823629,0.14014882160470887
TRUE,TRUE,1000,ALG,1,8.249343818556021e-5,1.6498687637112042e-4,7.101609026409095e-4
TRUE,TRUE,1000,ALG,10,3.305936840392043e-5,6.611873680784086e-5,1.3636989466617178e-4
TRUE,TRUE,1000,ANG,1,0.008453851466223239,0.016907702932446478,0.027897709838536688
TRUE,TRUE,1000,ANG,10,1.5744239856285702e-7,3.1488479712571404e-7,1.0391198305148563e-6
TRUE,TRUE,1000,ARG,1,0.005216246121969026,0.010432492243938052,0.020251308473526807
TRUE,TRUE,1000,ARG,10,6.604861711223542e-5,1.3209723422447084e-4,2.421782627448632e-4
TRUE,TRUE,1000,ARM,1,6.330981380366918e-4,0.0012661962760733836,0.0033879305765206753
TRUE,TRUE,1000,ARM,10,1.972925277434756e-4,3.945850554869512e-4,6.621003473425114e-4
TRUE,TRUE,1000,AUS,1,0.07318861240828944,0.1463772248165789,0.1804646801184316
TRUE,TRUE,1000,AUS,10,0.03714000422887065,0.0742800084577413,0.08452552686570562
TRUE,TRUE,1000,AUT,1,0.00627911057946029,0.01255822115892058,0.023023405458021062
TRUE,TRUE,1000,AUT,10,4.9390754633171774e-5,9.878150926634355e-5,1.8451640410128324e-4
TRUE,TRUE,1000,AZE,1,0.006506885558302256,0.013013771116604511,0.02342478800988812
TRUE,TRUE,1000,AZE,10,9.06345293220201e-4,0.001812690586440402,0.0024583064117479425
TRUE,TRUE,1000,BAN,1,0.0620999018075864,0.1241998036151728,0.15763821228079625
TRUE,TRUE,1000,BAN,10,1.7591111900472356e-9,3.518222380094471e-9,2.176900097683454e-8
TRUE,TRUE,1000,BEL,1,0.030477747864198546,0.06095549572839709,0.08745788517552626
TRUE,TRUE,1000,BEL,10,3.2376550551660443e-8,6.475310110332089e-8,2.91388954964944e-7
TRUE,TRUE,1000,BIH,1,7.421323608360897e-4,0.0014842647216721794,0.0038669001959354145
TRUE,TRUE,1000,BIH,10,1.0160867547348573e-7,2.0321735094697146e-7,7.185184908482205e-7
TRUE,TRUE,1000,BLR,1,0.0069344040694401254,0.013868808138880251,0.02451807153123473
TRUE,TRUE,1000,BLR,10,2.1001592166358662e-4,4.2003184332717325e-4,6.930525414898358e-4
TRUE,TRUE,1000,BOL,1,2.0577845301839037e-4,4.1155690603678075e-4,0.0014551476320586176
TRUE,TRUE,1000,BOL,10,8.304045506668523e-6,1.6608091013337045e-5,3.823723279814808e-5
TRUE,TRUE,1000,BOT,1,7.554095127204619e-9,1.5108190254409237e-8,1.869638543983143e-7
TRUE,TRUE,1000,BOT,10,3.67110482013544e-8,7.34220964027088e-8,3.0489569435854236e-7
TRUE,TRUE,1000,BRA,1,6.083230938980222e-7,1.2166461877960444e-6,1.204479725918084e-5
TRUE,TRUE,1000,BRA,10,0,0,0
TRUE,TRUE,1000,BUL,1,0.1005393490011467,0.2010786980022934,0.23147431514217495
TRUE,TRUE,1000,BUL,10,9.605585013949813e-6,1.9211170027899627e-5,4.226457406137918e-5
TRUE,TRUE,1000,CAN,1,2.3553749480553776e-4,4.710749896110755e-4,0.0015752405222443809
TRUE,TRUE,1000,CAN,10,8.168251997009435e-8,1.633650399401887e-7,5.990051464473585e-7
TRUE,TRUE,1000,CHI,1,2.2526425169644426e-13,4.505285033928885e-13,1.486744061196532e-11
TRUE,TRUE,1000,CHI,10,3.742117726801553e-12,7.484235453603105e-12,1.0584847284381534e-10
TRUE,TRUE,1000,CHN,1,0.06451221271484786,0.12902442542969572,0.1616888369308845
TRUE,TRUE,1000,CHN,10,0.018177172391331875,0.03635434478266375,0.0433624112467917
TRUE,TRUE,1000,COL,1,4.0883259742940936e-5,8.176651948588187e-5,4.260466015317003e-4
TRUE,TRUE,1000,COL,10,3.154538763538994e-8,6.309077527077989e-8,2.91388954964944e-7
TRUE,TRUE,1000,CRC,1,1.7149947821570866e-4,3.429989564314173e-4,0.0012576628402485301
TRUE,TRUE,1000,CRC,10,4.829295481445506e-4,9.658590962891012e-4,0.0014271649333227018
TRUE,TRUE,1000,CRO,1,0.0017857610184507378,0.0035715220369014755,0.007857348481183246
TRUE,TRUE,1000,CRO,10,5.946984829030555e-7,1.189396965806111e-6,3.4632441063177935e-6
TRUE,TRUE,1000,CUB,1,5.1402242051690195e-6,1.0280448410338039e-5,7.828956866334353e-5
TRUE,TRUE,1000,CUB,10,0,0,0
TRUE,TRUE,1000,CZE,1,0.04504443246687451,0.09008886493374901,0.12052429227623179
TRUE,TRUE,1000,CZE,10,3.2254360422523387e-4,6.450872084504677e-4,0.0010137084704221636
TRUE,TRUE,1000,DEN,1,0.010833903289205304,0.02166780657841061,0.03459859437520404
TRUE,TRUE,1000,DEN,10,0.2695598256387871,0.5391196512775742,0.5559671403799984
TRUE,TRUE,1000,DOM,1,3.2578809143257725e-4,6.515761828651545e-4,0.0020808400678596867
TRUE,TRUE,1000,DOM,10,6.1349163527069095e-9,1.2269832705413819e-8,6.393228620189305e-8
TRUE,TRUE,1000,ECU,1,0.17812549303896763,0.35625098607793526,0.38756975408478667
TRUE,TRUE,1000,ECU,10,4.708438472023069e-5,9.416876944046138e-5,1.7928284951164761e-4
TRUE,TRUE,1000,EGY,1,0.008301111067629874,0.016602222135259748,0.027897709838536688
TRUE,TRUE,1000,EGY,10,6.9072525477054114e-12,1.3814505095410823e-11,1.5195955604951905e-10
TRUE,TRUE,1000,ENG,1,0.05345737595531208,0.10691475191062416,0.13927053209410253
TRUE,TRUE,1000,ENG,10,2.3020539316132016e-5,4.604107863226403e-5,9.698014435306678e-5
TRUE,TRUE,1000,ESA,1,0.08584684426531586,0.17169368853063172,0.20235327576824452
TRUE,TRUE,1000,ESA,10,0.2429984332352486,0.4859968664704972,0.5064598924271497
TRUE,TRUE,1000,ESP,1,0.010121667307899651,0.020243334615799302,0.032853936507608705
TRUE,TRUE,1000,ESP,10,6.461182877615101e-8,1.2922365755230203e-7,4.920439268337653e-7
TRUE,TRUE,1000,EST,1,7.881017801851797e-4,0.0015762035603703595,0.004001132114786297
TRUE,TRUE,1000,EST,10,4.068958163383485e-5,8.13791632676697e-5,1.61130743269986e-4
TRUE,TRUE,1000,FIN,1,0.003712140535157449,0.007424281070314898,0.015000078080840301
TRUE,TRUE,1000,FIN,10,1.466234830993507e-6,2.932469661987014e-6,7.846337744235524e-6
TRUE,TRUE,1000,FRA,1,0.005736131812812406,0.011472263625624812,0.02184142497955493
TRUE,TRUE,1000,FRA,10,6.556200027318937e-12,1.3112400054637874e-11,1.5195955604951905e-10
TRUE,TRUE,1000,GEO,1,0.011035191991580762,0.022070383983161523,0.034682031973539536
TRUE,TRUE,1000,GEO,10,0.011161821611744838,0.022323643223489675,0.027625508489068473
TRUE,TRUE,1000,GER,1,0.008396330688630216,0.01679266137726043,0.027897709838536688
TRUE,TRUE,1000,GER,10,4.59294158261514e-10,9.18588316523028e-10,6.99540333352152e-9
TRUE,TRUE,1000,GRE,1,0.09512814512682655,0.1902562902536531,0.2215926204130783
TRUE,TRUE,1000,GRE,10,2.691181496872197e-6,5.382362993744394e-6,1.3662921445658845e-5
TRUE,TRUE,1000,GUA,1,0.02508293950464091,0.05016587900928182,0.07303561796939559
TRUE,TRUE,1000,GUA,10,0.001495751427032399,0.002991502854064798,0.00400214571016777
TRUE,TRUE,1000,HON,1,3.792657510933717e-4,7.585315021867434e-4,0.002306473310510704
TRUE,TRUE,1000,HON,10,5.725596684568179e-4,0.0011451193369136359,0.0016429973094847818
TRUE,TRUE,1000,HUN,1,0.8249802885954826,0.3500394228090349,0.3850433650899384
TRUE,TRUE,1000,HUN,10,0.12147680677623995,0.2429536135524799,0.26143921458364683
TRUE,TRUE,1000,INA,1,0.25126949738288695,0.5025389947657739,0.529269792359698
TRUE,TRUE,1000,INA,10,1.4976524893706156e-4,2.995304978741231e-4,5.202371805182139e-4
TRUE,TRUE,1000,IND,1,0.1441623438615105,0.288324687723021,0.32072072005145036
TRUE,TRUE,1000,IND,10,0.024115815126043105,0.04823163025208621,0.05617566347007689
TRUE,TRUE,1000,IRI,1,0.4715782527859699,0.9431565055719398,0.9527805515471636
TRUE,TRUE,1000,IRI,10,0.06597867936669433,0.13195735873338865,0.14355800565500523
TRUE,TRUE,1000,IRL,1,0.08320468249210144,0.1664093649842029,0.20090886748092787
TRUE,TRUE,1000,IRL,10,0.5145334179751613,0.9709331640496774,0.9709331640496774
TRUE,TRUE,1000,IRQ,1,0.042901966299753735,0.08580393259950747,0.11705109329892335
TRUE,TRUE,1000,IRQ,10,1.8781895108688218e-4,3.7563790217376436e-4,6.411750399172875e-4
TRUE,TRUE,1000,ISL,1,3.8441221841845064e-4,7.688244368369013e-4,0.002306473310510704
TRUE,TRUE,1000,ISL,10,0.1651134731017163,0.3302269462034326,0.3515319104746218
TRUE,TRUE,1000,ISR,1,0.0012815742056561108,0.0025631484113122216,0.005901202156276975
TRUE,TRUE,1000,ISR,10,0.014828617907783004,0.029657235815566008,0.03580568714318335
TRUE,TRUE,1000,ITA,1,0.08484108010166813,0.16968216020333626,0.20235327576824452
TRUE,TRUE,1000,ITA,10,2.9174374027718386e-10,5.834874805543677e-10,4.813771714573534e-9
TRUE,TRUE,1000,JAM,1,0.04938981566126588,0.09877963132253176,0.13038911334574194
TRUE,TRUE,1000,JAM,10,0.008665545994125057,0.017331091988250114,0.02171871021312356
TRUE,TRUE,1000,JOR,1,0.0058867474351943505,0.011773494870388701,0.0219919998522355
TRUE,TRUE,1000,JOR,10,3.443843978830907e-4,6.887687957661814e-4,0.0010490478581669533
TRUE,TRUE,1000,KAZ,1,0.3438820384265038,0.6877640768530076,0.709256704254664
TRUE,TRUE,1000,KAZ,10,0.007313630332768883,0.014627260665537767,0.01856536930625947
TRUE,TRUE,1000,KEN,1,6.516012174273556e-10,1.303202434854711e-9,2.1502840175102733e-8
TRUE,TRUE,1000,KEN,10,8.354595903981021e-10,1.6709191807962043e-9,1.1815785635630301e-8
TRUE,TRUE,1000,KGZ,1,0.008234403340748875,0.01646880668149775,0.027897709838536688
TRUE,TRUE,1000,KGZ,10,0.03247840362383114,0.06495680724766228,0.07477585950602984
TRUE,TRUE,1000,KOR,1,0.11015372723239836,0.22030745446479671,0.25069468956338936
TRUE,TRUE,1000,KOR,10,1.3913362115758332e-6,2.7826724231516664e-6,7.652349163667083e-6
TRUE,TRUE,1000,LAT,1,6.177985582278556e-4,0.0012355971164557111,0.0033879305765206753
TRUE,TRUE,1000,LAT,10,0.006939953124911691,0.013879906249823382,0.01784559374977292
TRUE,TRUE,1000,LTU,1,1,0,0
TRUE,TRUE,1000,LTU,10,6.332989108743803e-4,0.0012665978217487606,0.0017913312050446759
TRUE,TRUE,1000,MAS,1,0.033105990015510955,0.06621198003102191,0.09364265747244528
TRUE,TRUE,1000,MAS,10,0.0018565791172746593,0.0037131582345493186,0.004836877173952402
TRUE,TRUE,1000,MDA,1,8.983262861494978e-5,1.7966525722989957e-4,7.411191860733357e-4
TRUE,TRUE,1000,MDA,10,0.01943444087376167,0.03886888174752334,0.04580975348815251
TRUE,TRUE,1000,MEX,1,9.859996452643571e-8,1.9719992905287143e-7,2.1691992195815857e-6
TRUE,TRUE,1000,MEX,10,0,0,0
TRUE,TRUE,1000,MGL,1,0.07382646004844928,0.14765292009689857,0.1804646801184316
TRUE,TRUE,1000,MGL,10,3.3584843594391955e-4,6.716968718878391e-4,0.0010390310987015011
TRUE,TRUE,1000,MNE,1,0.0014159797881315717,0.0028319595762631433,0.0063719090465920725
TRUE,TRUE,1000,MNE,10,1.8645449749721266e-6,3.729089949944253e-6,9.71526065906529e-6
TRUE,TRUE,1000,MYA,1,0.19470982582760832,0.38941965165521664,0.41904940775941785
TRUE,TRUE,1000,MYA,10,0.29067604323269436,0.5813520864653887,0.593338727423438
TRUE,TRUE,1000,NED,1,0.0024238129523272978,0.0048476259046545955,0.009998228428350103
TRUE,TRUE,1000,NED,10,5.038470499962866e-4,0.0010076940999925732,0.0014670840573421287
TRUE,TRUE,1000,NEP,1,1.916234397092431e-5,3.832468794184862e-5,2.3713400664018836e-4
TRUE,TRUE,1000,NEP,10,1.5205310344157397e-9,3.0410620688314793e-9,2.0071009654287762e-8
TRUE,TRUE,1000,NGR,1,1.6395773627664312e-11,3.2791547255328624e-11,8.115907945693834e-10
TRUE,TRUE,1000,NGR,10,2.995715342457572e-9,5.991430684915144e-9,3.4891272812152897e-08
TRUE,TRUE,1000,NOR,1,0.0010098181824927943,0.0020196363649855886,0.004842026735016357
TRUE,TRUE,1000,NOR,10,0.06044385434292199,0.12088770868584398,0.13297647955442837
TRUE,TRUE,1000,NZL,1,7.256879345163281e-5,1.4513758690326561e-4,6.842200525439665e-4
TRUE,TRUE,1000,NZL,10,4.1874041463318967e-4,8.374808292663793e-4,0.001256221243899569
TRUE,TRUE,1000,PAN,1,0.01536847142829878,0.03073694285659756,0.047546208481299354
TRUE,TRUE,1000,PAN,10,4.961534289527059e-6,9.923068579054117e-6,2.3390090222056136e-5
TRUE,TRUE,1000,PAR,1,0.244053273790671,0.488106547581342,0.5195972925865898
TRUE,TRUE,1000,PAR,10,2.737472828417964e-7,5.474945656835928e-7,1.6938113125836152e-6
TRUE,TRUE,1000,PER,1,0.04315520106475457,0.08631040212950913,0.11705109329892335
TRUE,TRUE,1000,PER,10,2.4946623322641415e-8,4.989324664528283e-8,2.4697157089415003e-7
TRUE,TRUE,1000,PHI,1,1.1515468231193537e-6,2.3030936462387075e-6,2.0727842816148367e-5
TRUE,TRUE,1000,PHI,10,3.69570538616415e-8,7.3914107723283e-8,3.0489569435854236e-7
TRUE,TRUE,1000,POL,1,5.5425097434946835e-6,1.1085019486989367e-5,7.83869235151391e-5
TRUE,TRUE,1000,POL,10,2.4183988145409785e-11,4.836797629081957e-11,4.788429652791137e-10
TRUE,TRUE,1000,POR,1,8.102557528166798e-5,1.6205115056333597e-4,7.101609026409095e-4
TRUE,TRUE,1000,POR,10,0.012670825350648784,0.02534165070129757,0.03097312863491925
TRUE,TRUE,1000,ROU,1,0.0159375996204566,0.0318751992409132,0.0478127988613698
TRUE,TRUE,1000,ROU,10,8.902258620480108e-5,1.7804517240960216e-4,3.204813103372839e-4
TRUE,TRUE,1000,RSA,1,0.0018434105674735024,0.003686821134947005,0.007934680268690292
TRUE,TRUE,1000,RSA,10,2.520316272683898e-4,5.040632545367796e-4,8.180698721170685e-4
TRUE,TRUE,1000,RUS,1,3.6736852062624337e-6,7.347370412524867e-6,6.0615805903330156e-05
TRUE,TRUE,1000,RUS,10,2.154720846192504e-12,4.309441692385008e-12,7.110578792435263e-11
TRUE,TRUE,1000,SCO,1,0.5223878104417414,0.9552243791165171,0.9552243791165171
TRUE,TRUE,1000,SCO,10,0.05863612814487318,0.11727225628974636,0.13044891429983022
TRUE,TRUE,1000,SGP,1,0.1395587785030542,0.2791175570061084,0.31400725163187193
TRUE,TRUE,1000,SGP,10,0.0016619529219664697,0.0033239058439329394,0.00438755571399148
TRUE,TRUE,1000,SLO,1,0.0010270965801549847,0.0020541931603099695,0.004842026735016357
TRUE,TRUE,1000,SLO,10,9.560172864309102e-5,1.9120345728618204e-4,3.380203977023575e-4
TRUE,TRUE,1000,SRB,1,5.257250898900168e-4,0.0010514501797800335,0.003061575523477156
TRUE,TRUE,1000,SRB,10,9.232457715446785e-6,1.846491543089357e-5,4.154605971951053e-5
TRUE,TRUE,1000,SRI,1,2.386728064006638e-4,4.773456128013276e-4,0.0015752405222443809
TRUE,TRUE,1000,SRI,10,5.533034064253428e-8,1.1066068128506856e-7,4.382162978888715e-7
TRUE,TRUE,1000,SUI,1,0.02054502189549179,0.04109004379098358,0.06071513933294589
TRUE,TRUE,1000,SUI,10,0.04414080500288242,0.08828161000576484,0.09931681125648545
TRUE,TRUE,1000,SVK,1,0.05529486024892527,0.11058972049785054,0.14218678349723643
TRUE,TRUE,1000,SVK,10,0.17087289476490586,0.3417457895298117,0.3599237570579932
TRUE,TRUE,1000,SWE,1,0.538383895530538,0.923232208938924,0.9422679245871491
TRUE,TRUE,1000,SWE,10,2.778687519376932e-4,5.557375038753865e-4,8.873873045752138e-4
TRUE,TRUE,1000,THA,1,7.854109842941881e-6,1.5708219685883762e-5,1.0367424992683282e-4
TRUE,TRUE,1000,THA,10,9.626885504321336e-7,1.9253771008642673e-6,5.446066656730356e-6
TRUE,TRUE,1000,TJK,1,8.266966308118073e-4,0.0016533932616236147,0.004092148322518446
TRUE,TRUE,1000,TJK,10,3.28312528607988e-7,6.56625057215976e-7,1.969875171647928e-6
TRUE,TRUE,1000,TKM,1,2.4620545075348943e-5,4.9241090150697886e-5,2.867569367599465e-4
TRUE,TRUE,1000,TKM,10,8.632063473922313e-4,0.0017264126947844627,0.002373817455328636
TRUE,TRUE,1000,TTO,1,5.625676020375447e-4,0.0011251352040750895,0.003182525291526682
TRUE,TRUE,1000,TTO,10,4.6111568838380634e-5,9.222313767676127e-5,1.7902138490194833e-4
TRUE,TRUE,1000,TUN,1,1.9667264483658187e-9,3.933452896731637e-9,5.5630262396633157e-8
TRUE,TRUE,1000,TUN,10,1.2798664483781863e-7,2.5597328967563726e-7,8.738398509616582e-7
TRUE,TRUE,1000,TUR,1,0.2778570378571189,0.5557140757142378,0.579112563112732
TRUE,TRUE,1000,TUR,10,2.394595811638922e-7,4.789191623277844e-7,1.529451518401634e-6
TRUE,TRUE,1000,UAE,1,4.280453769212045e-11,8.56090753842409e-11,1.6950596926079698e-9
TRUE,TRUE,1000,UAE,10,3.22504956073999e-9,6.45009912147998e-9,3.547554516813989e-8
TRUE,TRUE,1000,UKR,1,0.003797864740693102,0.007595729481386204,0.015039544373144684
TRUE,TRUE,1000,UKR,10,1.2538192706301743e-10,2.5076385412603486e-10,2.2568746871343137e-9
TRUE,TRUE,1000,URU,1,0.03472264784372647,0.06944529568745295,0.09683217285996959
TRUE,TRUE,1000,URU,10,6.937524762676839e-4,0.0013875049525353678,0.0019346900042394564
TRUE,TRUE,1000,USA,1,2.7096706873286358e-5,5.4193413746572716e-5,2.9806377560614994e-4
TRUE,TRUE,1000,USA,10,3.803253402345774e-5,7.606506804691548e-5,1.53682484421319e-4
TRUE,TRUE,1000,UZB,1,0.015893474988243117,0.031786949976486234,0.0478127988613698
TRUE,TRUE,1000,UZB,10,3.845878942421166e-6,7.691757884842332e-6,1.8572781234131485e-5
TRUE,TRUE,1000,VEN,1,5.10363065778785e-5,1.02072613155757e-4,5.052594351209972e-4
TRUE,TRUE,1000,VEN,10,1.151880308170039e-5,2.303760616340078e-5,4.958093500384081e-5
TRUE,TRUE,1000,VIE,1,9.651763179441275e-5,1.930352635888255e-4,7.644196438117489e-4
TRUE,TRUE,1000,VIE,10,3.4126936571121647e-6,6.825387314224329e-6,1.6892833602705215e-5
TRUE,TRUE,1000,WLS,1,0.0021977084669930758,0.0043954169339861515,0.009258431414141042
TRUE,TRUE,1000,WLS,10,0.34439619035548497,0.6887923807109699,0.695820874391694
TRUE,TRUE,1000,ZAM,1,1.2768196795009956e-4,2.553639359001991e-4,9.723472943892197e-4
TRUE,TRUE,1000,ZAM,10,0,0,0
TRUE,TRUE,1000,ZIM,1,0,0,0
TRUE,TRUE,1000,ZIM,10,0,0,0
TRUE,TRUE,1400,ALG,1,0.0018426056141347402,0.0036852112282694804,0.011197372578203421
TRUE,TRUE,1400,ALG,10,0.012604027961454767,0.025208055922909534,0.03620793487108824
TRUE,TRUE,1400,ARG,1,0.00990596796398191,0.01981193592796382,0.040131870213054914
TRUE,TRUE,1400,ARG,10,5.52830946275007e-4,0.001105661892550014,0.002495636843184317
TRUE,TRUE,1400,ARM,1,0.0013856484023371252,0.0027712968046742503,0.009518802068228947
TRUE,TRUE,1400,ARM,10,0.0010478897835324297,0.0020957795670648594,0.004038209409710339
TRUE,TRUE,1400,AUS,1,0.13939464138528668,0.27878928277057335,0.338836205213466
TRUE,TRUE,1400,AUS,10,0.22483762937427,0.44967525874854,0.5074906491590665
TRUE,TRUE,1400,AUT,1,0.017301269244449524,0.03460253848889905,0.06357210559588429
TRUE,TRUE,1400,AUT,10,0.0018169721748882983,0.0036339443497765966,0.006240904426790242
TRUE,TRUE,1400,AZE,1,0.007898848820678261,0.015797697641356523,0.03373021928830176
TRUE,TRUE,1400,AZE,10,0.0013457909776211086,0.002691581955242217,0.0048326130560030715
TRUE,TRUE,1400,BAN,1,0.20625143721802097,0.41250287443604194,0.46553895829210445
TRUE,TRUE,1400,BAN,10,8.918149048188218e-4,0.0017836298096376435,0.0035226688740343463
TRUE,TRUE,1400,BEL,1,0.08317774368129449,0.16635548736258898,0.23894697275717325
TRUE,TRUE,1400,BEL,10,7.291421082056271e-5,1.4582842164112542e-4,5.008889265064743e-4
TRUE,TRUE,1400,BIH,1,0.0015569206146180958,0.0031138412292361917,0.010248581110227343
TRUE,TRUE,1400,BIH,10,1.6857399949277152e-6,3.3714799898554304e-6,2.0810696423883682e-5
TRUE,TRUE,1400,BLR,1,0.008392343299785332,0.016784686599570664,0.03489448003594954
TRUE,TRUE,1400,BLR,10,3.407187029982328e-4,6.814374059964656e-4,0.0017657122518119405
TRUE,TRUE,1400,BOL,1,0.005434220628741104,0.010868441257482209,0.02583991805917795
TRUE,TRUE,1400,BOL,10,0.012376335362805357,0.024752670725610715,0.03620793487108824
TRUE,TRUE,1400,BOT,1,4.3310772205318315e-5,8.662154441063663e-5,6.221001825854812e-4
TRUE,TRUE,1400,BOT,10,0.008419437280290043,0.016838874560580086,0.026083746868349546
TRUE,TRUE,1400,BRA,1,2.6010952833610546e-5,5.202190566722109e-5,4.566367275233852e-4
TRUE,TRUE,1400,BRA,10,8.759659664292485e-14,1.751931932858497e-13,4.6134207565273755e-12
TRUE,TRUE,1400,BUL,1,0.1369728895778588,0.2739457791557176,0.338836205213466
TRUE,TRUE,1400,BUL,10,1.3303950852106006e-4,2.660790170421201e-4,8.084708594741342e-4
TRUE,TRUE,1400,CAN,1,9.211992539389646e-4,0.0018423985078779292,0.0072121606445805335
TRUE,TRUE,1400,CAN,10,6.294109613280696e-6,1.2588219226561392e-5,5.849819522931471e-5
TRUE,TRUE,1400,CHI,1,2.5249294210993867e-8,5.0498588421987733e-8,9.973471213342577e-7
TRUE,TRUE,1400,CHI,10,1.5619141767064804e-5,3.123828353412961e-5,1.298854946945389e-4
TRUE,TRUE,1400,CHN,1,0.08219184938227042,0.16438369876454084,0.23894697275717325
TRUE,TRUE,1400,CHN,10,0.040561066578744254,0.08112213315748851,0.10681080865735987
TRUE,TRUE,1400,COL,1,1.9824610020779954e-4,3.9649220041559907e-4,0.0018425225784019018
TRUE,TRUE,1400,COL,10,2.414967103070431e-6,4.829934206140862e-6,2.7254628734652012e-5
TRUE,TRUE,1400,CRC,1,0.005088913253996519,0.010177826507993037,0.02512650919160781
TRUE,TRUE,1400,CRC,10,0.10455661340043787,0.20911322680087574,0.25030219571619977
TRUE,TRUE,1400,CRO,1,0.005705112711598792,0.011410225423197584,0.02583991805917795
TRUE,TRUE,1400,CRO,10,4.8362970485604784e-5,9.672594097120957e-5,3.820674668362778e-4
TRUE,TRUE,1400,CUB,1,8.793623931357963e-6,1.7587247862715927e-5,1.984846544506512e-4
TRUE,TRUE,1400,CUB,10,0,0,0
TRUE,TRUE,1400,CZE,1,0.08981873992055078,0.17963747984110157,0.24897124399029869
TRUE,TRUE,1400,CZE,10,0.009042644759704732,0.018085289519409464,0.027475728308333607
TRUE,TRUE,1400,DEN,1,0.026731957811362617,0.05346391562272523,0.09385887409322874
TRUE,TRUE,1400,DEN,10,0.5644893457403872,0.8710213085192255,0.8710213085192255
TRUE,TRUE,1400,DOM,1,9.585783135201975e-4,0.001917156627040395,0.0072121606445805335
TRUE,TRUE,1400,DOM,10,4.2099261265970966e-7,8.419852253194193e-7,6.651683280023413e-6
TRUE,TRUE,1400,ECU,1,0.22944319806514646,0.4588863961302929,0.49660308622319377
TRUE,TRUE,1400,ECU,10,5.978659028499367e-4,0.0011957318056998734,0.0026239670180636114
TRUE,TRUE,1400,EGY,1,0.04872943085687509,0.09745886171375018,0.15096568775267186
TRUE,TRUE,1400,EGY,10,6.181110374203769e-6,1.2362220748407537e-5,5.849819522931471e-5
TRUE,TRUE,1400,ENG,1,0.0851205760841256,0.1702411521682512,0.24016162538021152
TRUE,TRUE,1400,ENG,10,4.7408010162686143e-4,9.481602032537229e-4,0.00226983806233467
TRUE,TRUE,1400,ESA,1,0.06911418735872821,0.13822837471745641,0.20603852080526522
TRUE,TRUE,1400,ESA,10,0.14734566071007615,0.2946913214201523,0.3474718565998811
TRUE,TRUE,1400,ESP,1,0.04074289204184278,0.08148578408368556,0.1287475388522232
TRUE,TRUE,1400,ESP,10,1.7533459402996332e-4,3.5066918805992664e-4,9.893880663119359e-4
TRUE,TRUE,1400,EST,1,0.003371162932592764,0.006742325865185528,0.01836702563274678
TRUE,TRUE,1400,EST,10,0.0014908863689773177,0.0029817727379546355,0.00523466769552036
TRUE,TRUE,1400,FIN,1,0.015892721564280343,0.031785443128560686,0.05978690493229272
TRUE,TRUE,1400,FIN,10,7.012233069664253e-4,0.0014024466139328506,0.002915612697386716
TRUE,TRUE,1400,FRA,1,0.030854477891504972,0.061708955783009944,0.10597842406212578
TRUE,TRUE,1400,FRA,10,1.2458825366934434e-6,2.491765073386887e-6,1.789540370886946e-5
TRUE,TRUE,1400,GEO,1,0.014952319851399554,0.029904639702799107,0.05906166341302824
TRUE,TRUE,1400,GEO,10,0.021421523953905286,0.04284304790781057,0.059378961135386585
TRUE,TRUE,1400,GER,1,0.015601205229641035,0.03120241045928207,0.05978690493229272
TRUE,TRUE,1400,GER,10,3.473817866694873e-8,6.947635733389745e-8,6.860790286722374e-7
TRUE,TRUE,1400,GRE,1,0.21400005404548583,0.42800010809097166,0.4696112297109273
TRUE,TRUE,1400,GRE,10,0.0034403391652831905,0.006880678330566381,0.011093338532953962
TRUE,TRUE,1400,HUN,1,0.8542523766263259,0.29149524674734817,0.3473062134054155
TRUE,TRUE,1400,HUN,10,0.3142221991346241,0.62844439826924825,0.6801416889280948
TRUE,TRUE,1400,INA,1,0.2781344618598639,0.5562689237197278,0.5859365996514465
TRUE,TRUE,1400,INA,10,5.185927420426895e-4,0.001037185484085379,0.002409930977727792
TRUE,TRUE,1400,IND,1,0.23996682809178493,0.47993365618356987,0.5123616059257029
TRUE,TRUE,1400,IND,10,0.19046821016322013,0.38093642032644026,0.43614459718534465
TRUE,TRUE,1400,IRI,1,0.571602250665435,0.85679549866913,0.85679549866913
TRUE,TRUE,1400,IRI,10,0.31424267906171466,0.6284853581234293,0.6801416889280948
TRUE,TRUE,1400,IRL,1,0.10323331655240131,0.20646663310480262,0.2764553222928713
TRUE,TRUE,1400,IRL,10,0.6411728336763526,0.7176543326472948,0.7533903856529529
TRUE,TRUE,1400,IRQ,1,0.1376860721704014,0.2753721443408028,0.338836205213466
TRUE,TRUE,1400,IRQ,10,0.05475192022361186,0.10950384044722372,0.14181644910378155
TRUE,TRUE,1400,ISR,1,0.003697388000436508,0.007394776000873016,0.019472910135632276
TRUE,TRUE,1400,ISR,10,0.06613266268507423,0.13226532537014846,0.16585651911494806
TRUE,TRUE,1400,ITA,1,0.18892158529615322,0.37784317059230643,0.4326030503882929
TRUE,TRUE,1400,ITA,10,1.1746419193214841e-5,2.3492838386429682e-5,1.0310745736266361e-4
TRUE,TRUE,1400,KAZ,1,0.36873162502360624,0.7374632500472125,0.7566181396588284
TRUE,TRUE,1400,KAZ,10,0.013518382512623495,0.02703676502524699,0.03814115066061629
TRUE,TRUE,1400,KGZ,1,0.03542656837980418,0.07085313675960836,0.11789247633251172
TRUE,TRUE,1400,KGZ,10,0.32523061203631654,0.6504612240726331,0.6944113067802434
TRUE,TRUE,1400,KOR,1,0.1762402710188694,0.3524805420377388,0.40949945324972603
TRUE,TRUE,1400,KOR,10,6.589445235793967e-5,1.3178890471587934e-4,4.732419760252031e-4
TRUE,TRUE,1400,LAT,1,8.671312540351472e-4,0.0017342625080702945,0.0072108809546080664
TRUE,TRUE,1400,LAT,10,0.011191735532821712,0.022383471065643423,0.03336404177709114
TRUE,TRUE,1400,LTU,1,1,0,0
TRUE,TRUE,1400,LTU,10,0.0011673267114753472,0.0023346534229506943,0.004289246986351276
TRUE,TRUE,1400,MAS,1,0.13367042294511589,0.26734084589023177,0.338836205213466
TRUE,TRUE,1400,MAS,10,0.18547028389605036,0.3709405677921007,0.43094565964082293
TRUE,TRUE,1400,MDA,1,1.5426978173860295e-4,3.085395634772059e-4,0.0015234140946687041
TRUE,TRUE,1400,MDA,10,0.03413366640317861,0.06826733280635722,0.09140880155427492
TRUE,TRUE,1400,MEX,1,5.665706666047043e-7,1.1331413332094087e-6,1.7903633064708658e-5
TRUE,TRUE,1400,MEX,10,8.770761894538737e-15,1.7541523789077473e-14,6.928901896685602e-13
TRUE,TRUE,1400,MGL,1,0.11148665864533702,0.22297331729067404,0.29358153443272084
TRUE,TRUE,1400,MGL,10,0.003523378719721859,0.007046757439443718,0.011133876754321075
TRUE,TRUE,1400,MYA,1,0.21132924566034395,0.4226584913206879,0.4696112297109273
TRUE,TRUE,1400,MYA,10,0.3623903120862305,0.724780624172461,0.7533903856529529
TRUE,TRUE,1400,NED,1,0.0046266505587545526,0.009253301117509105,0.023580993170426428
TRUE,TRUE,1400,NED,10,0.0025148304164036572,0.0050296608328073145,0.00845411076152719
TRUE,TRUE,1400,NGR,1,6.669920171731292e-11,1.3339840343462583e-10,5.2692369356677204e-9
TRUE,TRUE,1400,NGR,10,1.9538830886567382e-8,3.9077661773134764e-8,5.145225466796077e-7
TRUE,TRUE,1400,NOR,1,0.001621610935162554,0.003243221870325108,0.010248581110227343
TRUE,TRUE,1400,NOR,10,0.10020322813781513,0.20040645627563025,0.2473767194652311
TRUE,TRUE,1400,PER,1,0.12292863509756347,0.24585727019512693,0.3184053171379513
TRUE,TRUE,1400,PER,10,1.671688737570065e-4,3.34337747514013e-4,9.78247483466927e-4
TRUE,TRUE,1400,PHI,1,2.8945947454506182e-6,5.7891894909012365e-6,7.622432829686628e-5
TRUE,TRUE,1400,PHI,10,2.1207892419994323e-7,4.2415784839988646e-7,3.7231633359545594e-6
TRUE,TRUE,1400,POL,1,5.905621942103867e-5,1.1811243884207734e-4,7.775735557103425e-4
TRUE,TRUE,1400,POL,10,2.9093703890481493e-8,5.8187407780962985e-8,6.566864592422966e-7
TRUE,TRUE,1400,POR,1,6.40797801533477e-4,0.001281595603066954,0.00562478070234941
TRUE,TRUE,1400,POR,10,0.1018498112763151,0.2036996225526302,0.24757338741011975
TRUE,TRUE,1400,ROU,1,0.03656159076134857,0.07312318152269714,0.11789247633251172
TRUE,TRUE,1400,ROU,10,0.0025731079493689357,0.0051462158987378714,0.008469813666672746
TRUE,TRUE,1400,RSA,1,0.019058523577704767,0.038117047155409534,0.0684374255744853
TRUE,TRUE,1400,RSA,10,0.05669846990298877,0.11339693980597754,0.14448964910761652
TRUE,TRUE,1400,RUS,1,3.966564105717385e-5,7.93312821143477e-5,6.221001825854812e-4
TRUE,TRUE,1400,RUS,10,3.955780369935269e-9,7.911560739870538e-9,1.354902385841683e-7
TRUE,TRUE,1400,SGP,1,0.14727541960862556,0.2945508392172511,0.3473062134054155
TRUE,TRUE,1400,SGP,10,0.001153486904724943,0.002306973809449886,0.004289246986351276
TRUE,TRUE,1400,SLO,1,0.0024889517458765997,0.0049779034917531995,0.014044799137446528
TRUE,TRUE,1400,SLO,10,8.594595611040035e-4,0.001718919122208007,0.0034819130937033984
TRUE,TRUE,1400,SRB,1,0.0012379930528977345,0.002475986105795469,0.008891041016265549
TRUE,TRUE,1400,SRB,10,9.601808472903262e-5,1.9203616945806523e-4,6.068342954874861e-4
TRUE,TRUE,1400,SRI,1,0.0024553571282346365,0.004910714256469273,0.014044799137446528
TRUE,TRUE,1400,SRI,10,6.098459980563575e-5,1.219691996112715e-4,4.588365128233547e-4
TRUE,TRUE,1400,SUI,1,0.050830470314869425,0.10166094062973885,0.1544464290336417
TRUE,TRUE,1400,SUI,10,0.23561980662961468,0.47123961325922936,0.5243370344715369
TRUE,TRUE,1400,SVK,1,0.0950861439422026,0.1901722878844052,0.2590277714287588
TRUE,TRUE,1400,SVK,10,0.4025166777477841,0.8050333554955682,0.8191282789777727
TRUE,TRUE,1400,SWE,1,0.6487365751085066,0.7025268497829869,0.7302581728007363
TRUE,TRUE,1400,SWE,10,0.024823080121474494,0.04964616024294899,0.06762149412401672
TRUE,TRUE,1400,TKM,1,1.4818857474785396e-5,2.9637714949570793e-5,2.926724351270116e-4
TRUE,TRUE,1400,TKM,10,3.868716659922722e-4,7.737433319845444e-4,0.001910178850836844
TRUE,TRUE,1400,TUR,1,0.4106926912853742,0.8213853825707484,0.8319159643985785
TRUE,TRUE,1400,TUR,10,3.4643721396310223e-4,6.928744279262045e-4,0.0017657122518119405
TRUE,TRUE,1400,UAE,1,1.1291628965182099e-8,2.2583257930364198e-8,5.946924588329239e-7
TRUE,TRUE,1400,UAE,10,1.7122724905727083e-06,3.4245449811454165e-6,2.0810696423883682e-5
TRUE,TRUE,1400,UKR,1,0.0067025544186114505,0.013405108837222901,0.029416766615016923
TRUE,TRUE,1400,UKR,10,4.28766577798001e-9,8.57533155596002e-9,1.354902385841683e-7
TRUE,TRUE,1400,USA,1,1.3692146859733967e-4,2.7384293719467934e-4,0.001454272234263924
TRUE,TRUE,1400,USA,10,6.556639901130756e-4,0.0013113279802261513,0.002799862444266647
TRUE,TRUE,1400,UZB,1,0.03599630492117345,0.0719926098423469,0.11789247633251172
TRUE,TRUE,1400,UZB,10,2.226825299576074e-4,4.453650599152148e-4,0.0012132358528724816
TRUE,TRUE,1400,VEN,1,1.3806381970860038e-4,2.7612763941720075e-4,0.001454272234263924
TRUE,TRUE,1400,VEN,10,8.101626440204512e-5,1.6203252880409025e-4,5.333570739801303e-4
TRUE,TRUE,1400,VIE,1,1.2953316798991477e-4,2.5906633597982953e-4,0.001454272234263924
TRUE,TRUE,1400,VIE,10,6.1601105697528524e-6,1.2320221139505705e-5,5.849819522931471e-5
TRUE,TRUE,1400,WLS,1,0.00572403248146347,0.01144806496292694,0.02583991805917795
TRUE,TRUE,1400,WLS,10,0.5956202167071755,0.8087595665856491,0.8191282789777727
TRUE,TRUE,1600,ARG,1,0.018633260889094228,0.037266521778188455,0.07340375501764393
TRUE,TRUE,1600,ARG,10,0.003811862606653338,0.007623725213306676,0.013765059412914832
TRUE,TRUE,1600,ARM,1,0.0014524112311938842,0.0029048224623877683,0.01110667412089441
TRUE,TRUE,1600,ARM,10,9.983969524899328e-4,0.0019967939049798655,0.005407983492653803
TRUE,TRUE,1600,AUS,1,0.14034686878516012,0.28069373757032023,0.3508671719629003
TRUE,TRUE,1600,AUS,10,0.22587154673673293,0.45174309347346586,0.5151456329083383
TRUE,TRUE,1600,AUT,1,0.03747224550579453,0.074944491011589065,0.13165924096630513
TRUE,TRUE,1600,AUT,10,0.020234456691652802,0.040468913383305605,0.05718433412858401
TRUE,TRUE,1600,AZE,1,0.008962298348942799,0.017924596697885598,0.041610670905805856
TRUE,TRUE,1600,AZE,10,0.0016722495575406393,0.0033444991150812786,0.007944940206301163
TRUE,TRUE,1600,BEL,1,0.14008772220574328,0.28017544441148656,0.3508671719629003
TRUE,TRUE,1600,BEL,10,0.002277045826371782,0.004554091652743564,0.009548901852526827
TRUE,TRUE,1600,BIH,1,0.0054437877126310985,0.010887575425262197,0.028396631019388784
TRUE,TRUE,1600,BIH,10,1.4874172788181816e-4,2.9748345576363633e-4,0.001381173187474026
TRUE,TRUE,1600,BLR,1,0.007697780564748236,0.015395561129496471,0.03706338790434336
TRUE,TRUE,1600,BLR,10,2.0808156613338902e-4,4.1616313226677804e-4,0.001803373573156038
TRUE,TRUE,1600,BRA,1,6.066525582925086e-4,0.0012133051165850173,0.005402780435106594
TRUE,TRUE,1600,BRA,10,2.6391812402160042e-8,5.2783624804320084e-8,1.1436452040936018e-6
TRUE,TRUE,1600,BUL,1,0.15155104787206908,0.30310209574413816,0.3717289853465845
TRUE,TRUE,1600,BUL,10,2.7848688399356725e-4,5.569737679871345e-4,0.002262705932447734
TRUE,TRUE,1600,CAN,1,0.0020725771413275806,0.004145154282655161,0.01481483631523906
TRUE,TRUE,1600,CAN,10,5.927438236885685e-5,1.185487647377137e-4,6.421391423292826e-4
TRUE,TRUE,1600,CHI,1,5.303487908836502e-7,1.0606975817673003e-6,3.447267140743726e-5
TRUE,TRUE,1600,CHI,10,5.298141932774669e-4,0.0010596283865549339,0.0036250444803195107
TRUE,TRUE,1600,CHN,1,0.09271816688767809,0.18543633377535618,0.2803107371022826
TRUE,TRUE,1600,CHN,10,0.05848732080721564,0.11697464161443127,0.14345946613090627
TRUE,TRUE,1600,COL,1,6.053804635383075e-4,0.001210760927076615,0.005402780435106594
TRUE,TRUE,1600,COL,10,4.27074821152118e-5,8.54149642304236e-5,5.047247886343213e-4
TRUE,TRUE,1600,CRC,1,0.004261813490027189,0.008523626980054377,0.02518344335016066
TRUE,TRUE,1600,CRC,10,0.07922016623461892,0.15844033246923783,0.19071521500926777
TRUE,TRUE,1600,CRO,1,0.012618628457984449,0.025237256915968898,0.05126317811056182
TRUE,TRUE,1600,CRO,10,7.585961976164235e-4,0.001517192395232847,0.0044826138950061385
TRUE,TRUE,1600,CUB,1,2.427166968366201e-5,4.854333936732402e-5,5.258861764793437e-4
TRUE,TRUE,1600,CUB,10,0,0,0
TRUE,TRUE,1600,CZE,1,0.1312561187037775,0.262512237407555,0.3477280924056435
TRUE,TRUE,1600,CZE,10,0.04400321776003413,0.08800643552006826,0.11440836617608874
TRUE,TRUE,1600,DEN,1,0.036164229033074036,0.07232845806614807,0.1305930492861007
TRUE,TRUE,1600,DEN,10,0.6893464641520908,0.6213070716958184,0.6730826610038033
TRUE,TRUE,1600,DOM,1,0.0021652453076118627,0.0043304906152237255,0.01481483631523906
TRUE,TRUE,1600,DOM,10,3.1319190951784037e-6,6.2638381903568074e-6,4.5238831374799166e-5
TRUE,TRUE,1600,ECU,1,0.26319210529296666,0.5263842105859333,0.5799148082726384
TRUE,TRUE,1600,ECU,10,0.0018899567900924064,0.0037799135801848127,0.008189812757067094
TRUE,TRUE,1600,EGY,1,0.10631700657996224,0.21263401315992447,0.3071380190087798
TRUE,TRUE,1600,EGY,10,8.390281537727917e-4,0.0016780563075455834,0.004742333043063605
TRUE,TRUE,1600,ENG,1,0.13345888101472936,0.2669177620294587,0.3477280924056435
TRUE,TRUE,1600,ENG,10,0.006735972404901092,0.013471944809802183,0.021062410985566393
TRUE,TRUE,1600,ESP,1,0.0731119471494831,0.1462238942989662,0.22629888403411438
TRUE,TRUE,1600,ESP,10,0.0032107220343078335,0.006421444068615667,0.01227629013117701
TRUE,TRUE,1600,EST,1,0.0047741692203358,0.0095483384406716,0.02698443472363713
TRUE,TRUE,1600,EST,10,0.0028292882319852497,0.005658576463970499,0.011145680913881286
TRUE,TRUE,1600,FRA,1,0.05948029326906157,0.11896058653812314,0.18859605182873182
TRUE,TRUE,1600,FRA,10,8.849311839809193e-5,1.7698623679618386e-4,8.849311839809193e-4
TRUE,TRUE,1600,GEO,1,0.009423131439560417,0.018846262879120834,0.042241623694581176
TRUE,TRUE,1600,GEO,10,0.006966797479841191,0.013933594959682383,0.021062410985566393
TRUE,TRUE,1600,GER,1,0.030680536536552117,0.06136107307310423,0.11395627856433643
TRUE,TRUE,1600,GER,10,3.1173598341593944e-6,6.234719668318789e-6,4.5238831374799166e-5
TRUE,TRUE,1600,GRE,1,0.25581461189810484,0.5116292237962097,0.5733775783923039
TRUE,TRUE,1600,GRE,10,0.012712229573371925,0.02542445914674385,0.037558860103144326
TRUE,TRUE,1600,HUN,1,0.8662584259978294,0.26748314800434114,0.3477280924056435
TRUE,TRUE,1600,HUN,10,0.42780253726751827,0.8556050745350365,0.8689739038246465
TRUE,TRUE,1600,INA,1,0.30100019928491084,0.6020003985698217,0.6414758345416133
TRUE,TRUE,1600,INA,10,0.0012644940928739912,0.0025289881857479823,0.006322470464369956
TRUE,TRUE,1600,IND,1,0.23930084616836234,0.47860169233672467,0.5457738596822299
TRUE,TRUE,1600,IND,10,0.18757591066848678,0.37515182133697356,0.4354440783375586
TRUE,TRUE,1600,IRI,1,0.5975758236236499,0.8048483527527002,0.8233903293504531
TRUE,TRUE,1600,IRI,10,0.414391520026981,0.828783040053962,0.8550936127540878
TRUE,TRUE,1600,ISR,1,0.005460890580651689,0.010921781161303379,0.028396631019388784
TRUE,TRUE,1600,ISR,10,0.10854764778672799,0.21709529557345597,0.2565671674959025
TRUE,TRUE,1600,ITA,1,0.29166454451797874,0.5833290890359575,0.6319398464556205
TRUE,TRUE,1600,ITA,10,0.0017658916793406032,0.0035317833586812064,0.007944940206301163
TRUE,TRUE,1600,KAZ,1,0.40536139291099227,0.8107227858219845,0.8233903293504531
TRUE,TRUE,1600,KAZ,10,0.031846709318114286,0.06369341863622857,0.0862515044032262
TRUE,TRUE,1600,LAT,1,6.233977425122994e-4,0.0012467954850245988,0.005402780435106594
TRUE,TRUE,1600,LAT,10,0.006336216291826791,0.012672432583653581,0.021062410985566393
TRUE,TRUE,1600,LTU,1,1,0,0
TRUE,TRUE,1600,LTU,10,0.001772332815251798,0.003544665630503596,0.007944940206301163
TRUE,TRUE,1600,MAS,1,0.1570179812115824,0.3140359624231648,0.3780062510649206
TRUE,TRUE,1600,MAS,10,0.27012660612950123,0.5402532122590025,0.6054561861523303
TRUE,TRUE,1600,MDA,1,1.4875386903834276e-4,2.975077380766855e-4,0.0019338002974984558
TRUE,TRUE,1600,MDA,10,0.033465692446851714,0.06693138489370343,0.08878653098144332
TRUE,TRUE,1600,MEX,1,1.5075515110263282e-5,3.0151030220526565e-5,5.258861764793437e-4
TRUE,TRUE,1600,MEX,10,2.377494867644714e-10,4.754989735289428e-10,1.545371663969064e-8
TRUE,TRUE,1600,MGL,1,0.11779470379579349,0.23558940759158697,0.3328980759446338
TRUE,TRUE,1600,MGL,10,0.0041631732641864705,0.008326346528372941,0.01462736552281733
TRUE,TRUE,1600,NED,1,0.0106279933702631,0.0212559867405262,0.04456900445594203
TRUE,TRUE,1600,NED,10,0.01679416364263897,0.03358832728527794,0.04851647274540147
TRUE,TRUE,1600,NOR,1,9.200844253377527e-4,0.0018401688506755054,0.007475685955869241
TRUE,TRUE,1600,NOR,10,0.054884212088410544,0.10976842417682109,0.13721053022102636
TRUE,TRUE,1600,PER,1,0.17887583524787065,0.3577516704957413,0.42256520438760575
TRUE,TRUE,1600,PER,10,0.0023924572327626015,0.004784914465525203,0.009719357508098068
TRUE,TRUE,1600,PHI,1,1.7727177229365232e-5,3.5454354458730464e-5,5.258861764793437e-4
TRUE,TRUE,1600,PHI,10,6.89851248136808e-6,1.379702496273616e-5,8.968066225778504e-5
TRUE,TRUE,1600,POL,1,9.092548101108378e-5,1.8185096202216755e-4,0.0014775390664301113
TRUE,TRUE,1600,POL,10,9.364571029735203e-8,1.8729142059470405e-7,2.0289903897759607e-6
TRUE,TRUE,1600,POR,1,0.0023803534872753884,0.004760706974550777,0.015472297667290025
TRUE,TRUE,1600,POR,10,0.30295246690623767,0.6059049338124753,0.6675223847086592
TRUE,TRUE,1600,ROU,1,0.043922513218523473,0.08784502643704695,0.14640837739507825
TRUE,TRUE,1600,ROU,10,0.004921063562702721,0.009842127125405442,0.016835217451351414
TRUE,TRUE,1600,RSA,1,0.05472827527336743,0.10945655054673487,0.17786689463844416
TRUE,TRUE,1600,RSA,10,0.3337660665494726,0.6675321330989452,0.7113047319906793
TRUE,TRUE,1600,RUS,1,1.069987268594863e-4,2.139974537189726e-4,0.0015455371657481355
TRUE,TRUE,1600,RUS,10,7.971019200248008e-8,1.5942038400496017e-7,2.0289903897759607e-6
TRUE,TRUE,1600,SGP,1,0.1820280880438917,0.3640561760877834,0.42256520438760575
TRUE,TRUE,1600,SGP,10,0.003377641927296282,0.006755283854592564,0.012545527158529048
TRUE,TRUE,1600,SLO,1,0.006076097968225169,0.012152195936450338,0.030380489841125846
TRUE,TRUE,1600,SLO,10,0.0068116869180456785,0.013623373836091357,0.021062410985566393
TRUE,TRUE,1600,SRB,1,0.0032827088453347697,0.006565417690669539,0.02032153094731048
TRUE,TRUE,1600,SRB,10,0.0011682513514500448,0.0023365027029000895,0.006074907027540233
TRUE,TRUE,1600,SRI,1,0.02152800213692152,0.04305600427384304,0.08231294934705287
TRUE,TRUE,1600,SRI,10,0.021337216376300372,0.042674432752600744,0.05901783253019252
TRUE,TRUE,1600,SUI,1,0.1061626211663742,0.2123252423327484,0.3071380190087798
TRUE,TRUE,1600,SUI,10,0.6043495025094714,0.7913009949810572,0.8295897528027213
TRUE,TRUE,1600,SVK,1,0.12161889175143636,0.24323778350287273,0.33639267931248357
TRUE,TRUE,1600,SVK,10,0.5461566272603042,0.9076867454793915,0.9076867454793915
TRUE,TRUE,1600,SWE,1,0.6714015141677449,0.6571969716645103,0.6889968251321479
TRUE,TRUE,1600,SWE,10,0.04659346767445394,0.09318693534890787,0.11876766269958845
TRUE,TRUE,1600,TKM,1,2.175043382257602e-5,4.350086764515204e-5,5.258861764793437e-4
TRUE,TRUE,1600,TKM,10,6.502157639468598e-4,0.0013004315278937195,0.004025145205385322
TRUE,TRUE,1600,TUR,1,0.4301339553915662,0.8602679107831324,0.8602679107831324
TRUE,TRUE,1600,TUR,10,5.780390231964194e-4,0.0011560780463928388,0.0037572536507767262
TRUE,TRUE,1600,UKR,1,0.010520659015308187,0.021041318030616374,0.04456900445594203
TRUE,TRUE,1600,UKR,10,6.304399047252218e-8,1.2608798094504436e-7,2.0289903897759607e-6
TRUE,TRUE,1600,USA,1,5.964481658374821e-4,0.0011928963316749641,0.005402780435106594
TRUE,TRUE,1600,USA,10,0.006930283162284945,0.01386056632456989,0.021062410985566393
TRUE,TRUE,1600,UZB,1,0.04154962960816344,0.08309925921632688,0.1421434697121381
TRUE,TRUE,1600,UZB,10,3.4624140580818974e-4,6.924828116163795e-4,0.0025006323752813702
TRUE,TRUE,1600,VEN,1,2.934148886784005e-4,5.86829777356801e-4,0.003467630502562915
TRUE,TRUE,1600,VEN,10,3.22544690247506e-4,6.45089380495012e-4,0.002466518219539752
TRUE,TRUE,1600,VIE,1,8.579816666176576e-5,1.7159633332353152e-4,0.0014775390664301113
TRUE,TRUE,1600,VIE,10,1.7399540974682992e-6,3.4799081949365984e-6,3.2313433238696986e-5
